customerID,Churn
3704-IEAXF,1
5175-AOBHI,1
6922-NCEDI,1
3143-ILDAL,1
0872-NXJYS,1
7293-LSCDV,1
3758-CKOQL,1
8064-RAVOH,1
2080-SRCDE,1
7996-MHXLW,1
6635-MYYYZ,1
8851-RAGOV,1
1699-HPSBG,1
0799-DDIHE,1
0549-CYCQN,1
8980-WQFWL,1
9225-BZLNZ,1
4456-RHSNB,1
5939-SXWHM,1
7435-ZNUYY,1
0793-TWELN,1
7696-CFTAT,1
4510-HIMLV,1
0880-FVFWF,1
6741-QRLUP,1
1794-SWWKL,1
3092-IGHWF,1
5980-NOPLP,1
7993-NQLJE,1
7310-EGVHZ,1
4140-MUHUG,1
0612-RTZZA,1
0013-EXCHZ,1
1215-FIGMP,1
3402-XRIUO,1
1618-CFHME,1
5337-IIWKZ,1
9469-WEJBT,1
2947-DOMLJ,1
9444-JTXHZ,1
5177-RVZNU,1
8990-ZXLSU,1
6585-WCEWR,1
0277-ORXQS,1
2560-QTSBS,1
3727-RJMEO,1
9367-OIUXP,1
0674-DGMAQ,1
5478-JJVZK,1
0897-FEGMU,1
8073-IJDCM,1
5180-UCIIQ,1
1545-ACTAS,1
4827-DPADN,1
5778-BVOFB,1
8286-AFUYI,1
5117-ZSMHQ,1
0203-HHYIJ,1
4806-HIPDW,1
9504-YAZWB,1
1092-WPIVQ,1
8903-WMRNW,1
3902-FOIGH,1
7609-YBPXG,1
6680-NENYN,1
6543-JXSOO,1
8564-LDKFL,1
3570-YUEKJ,1
3606-SBKRY,1
8668-KNZTI,1
5035-PGZXH,1
4350-ZTLPI,1
6990-YNRIO,1
5440-FLBQG,1
2667-WYLWJ,1
0434-CSFON,1
6631-HMANX,1
5995-LFTLE,1
2320-SLKMB,1
1452-UZOSF,1
5982-FPVQN,1
6142-VSJQO,1
3174-RKMOW,1
5673-FSSMF,1
6180-YBIQI,1
7570-WELNY,1
6725-TPKJO,1
9451-LPGOO,1
2931-SVLTV,1
4716-HHKQH,1
2506-CLAKW,1
6762-NSODU,1
0956-ACVZC,1
1090-PYKCI,1
6133-OZILE,1
5651-CRHKQ,1
2096-XOTMO,1
8642-GVWRF,1
7242-QZLXF,1
5296-PSYVW,1
8079-XRJRS,1
6161-ERDGD,1
3472-QPRCH,1
9172-ANCRX,1
3508-CFVZL,1
8595-SIZNC,1
7798-JVXYM,1
8309-IEYJD,1
9361-YNQWJ,1
6941-KXRRV,1
4415-WNGVR,1
6379-RXJRQ,1
2208-MPXIO,1
8562-GHPPI,1
6122-EFVKN,1
3230-WYKIR,1
4195-PNGZS,1
0459-SPZHJ,1
7459-RRWQZ,1
1336-EZFZY,1
0511-JTEOY,1
6513-EECDB,1
8405-IGQFX,1
6358-LYNGM,1
6131-IUNXN,1
5998-VVEJY,1
9488-HGMJH,1
0479-HMSWA,1
9667-TKTVZ,1
0147-ESWWR,1
2675-DHUTR,1
3170-GWYKC,1
6015-VVHHE,1
9362-MWODR,1
3696-XRIEN,1
6892-EZDTG,1
5456-ITGIC,1
9614-RMGHA,1
2817-LVCPP,1
4712-AUQZO,1
2330-PQGDQ,1
3550-SAHFP,1
5108-ADXWO,1
5148-HKFIR,1
5993-JSUWV,1
8464-EETCQ,1
3546-GHEAE,1
8610-ZIKJJ,1
6178-KFNHS,1
3726-TBHQT,1
1996-DBMUS,1
7037-MTYVW,1
1703-MGIAB,1
2815-CPTUL,1
8040-MNRTF,1
6876-ADESB,1
5364-EVNIB,1
3544-FBCAS,1
5875-YPQFJ,1
0536-ESJEP,1
1708-PBBOA,1
7501-IWUNG,1
3969-JQABI,1
6463-MVYRY,1
3657-COGMW,1
9728-FTTVZ,1
4324-AHJKS,1
1430-SFQSA,1
3779-OSWCF,1
1173-XZPYF,1
4629-NRXKX,1
3908-MKIMJ,1
0854-UYHZD,1
6992-TKNYO,1
7207-RMRDB,1
5076-YVXCM,1
5010-IPEAQ,1
2292-XQWSV,1
4685-ERGHK,1
0221-NAUXK,1
5049-GLYVG,1
7746-QYVCO,1
9802-CAQUT,1
5804-LEPIM,1
4578-PHJYZ,1
6479-SZPLM,1
3801-HMYNL,1
3793-MMFUH,1
7449-HVPIV,1
8118-LSUEL,1
3746-EUBYR,1
0727-BMPLR,1
9488-FVZCC,1
2996-XAUVF,1
5307-UVGNB,1
4018-KJYUY,1
1320-REHCS,1
6625-IUTTT,1
3948-XHGNA,1
2672-TGEFF,1
8327-WKMIE,1
3191-CSNMG,1
9297-FVVDH,1
8272-ONJLV,1
9677-AVKED,1
1696-MZVAU,1
7622-FWGEW,1
8680-CGLTP,1
7821-DPRQE,1
9061-TIHDA,1
1254-IZEYF,1
8229-BUJHX,1
5504-WSIUR,1
3620-MWJNE,1
6242-MBHPK,1
8847-GEOOQ,1
9801-NOSHQ,1
0168-XZKBB,1
7112-OPOTK,1
1810-MVMAI,1
8270-RKSAP,1
3027-ZTDHO,1
1091-SOZGA,1
9621-OUPYD,1
3537-HPKQT,1
6210-KBBPI,1
5406-KGRMX,1
0219-QAERP,1
9281-CEDRU,1
2211-RMNHO,1
2804-ETQDK,1
9500-IWPXQ,1
3161-GETRM,1
4355-HBJHH,1
4070-OKWVH,1
0661-XEYAN,1
3795-CAWEX,1
3387-PLKUI,1
6668-CNMFP,1
4534-WGCIR,1
7596-ZYWBB,1
2696-NARTR,1
4881-GQJTW,1
4482-EWFMI,1
1582-RAFML,1
5792-JALQC,1
3470-BTGQO,1
2952-QAYZF,1
2656-TABEH,1
7080-TNUWP,1
5702-SKUOB,1
4853-RULSV,1
2516-XSJKX,1
0106-GHRQR,1
7434-SHXLS,1
6646-VRFOL,1
2675-IJRGJ,1
6427-FEFIG,1
7526-IVLYU,1
8672-OAUPW,1
7306-YDSOI,1
7481-ATQQS,1
9150-HEPMB,1
2346-CZYIL,1
9067-YGSCA,1
3284-SVCRO,1
6651-RLGGM,1
7010-BRBUU,1
1564-NTYXF,1
2194-IIQOF,1
6407-GSJNL,1
9839-ETQOE,1
2692-BUCFV,1
8480-PPONV,1
7964-YESJC,1
5945-AZYHT,1
3129-AAQOU,1
1597-FZREH,1
0422-OHQHQ,1
6341-JVQGF,1
2676-OXPPQ,1
0137-OCGAB,1
2688-BHGOG,1
7442-YGZFK,1
3021-VLNRJ,1
4795-UXVCJ,1
1775-KWJKQ,1
3811-VBYBZ,1
0953-LGOVU,1
7691-KGKGP,1
3221-CJMSG,1
4250-WAROZ,1
7801-KICAO,1
8120-JDCAM,1
1834-ABKHQ,1
3803-KMQFW,1
6345-HOVES,1
3870-MQAMG,1
8999-EXMNO,1
7833-PKIHD,1
9689-PTNPG,1
3043-TYBNO,1
3932-IJWDZ,1
4198-VFOEA,1
8314-DPQHL,1
5791-KAJFD,1
6341-AEVKX,1
5148-ORICT,1
3798-EPWRR,1
5124-EOGYE,1
3520-FJGCV,1
8800-ZKRFW,1
4800-VHZKI,1
3269-ATYWD,1
4273-MBHYA,1
6152-ONASV,1
6214-EDAKZ,1
2959-EEXWB,1
7508-MYBOG,1
7950-XWOVN,1
6339-RZCBJ,1
2575-GFSOE,1
3359-DSRKA,1
2984-MIIZL,1
6621-YOBKI,1
3620-EHIMZ,1
5730-DBDSI,1
1389-WNUIB,1
3352-RICWQ,1
5998-DZLYR,1
5356-CSVSQ,1
3452-ABWRL,1
8022-BECSI,1
0746-JTRFU,1
9220-CXRSC,1
2054-PJOCK,1
9462-MJUAW,1
6005-OBZPH,1
3721-CNZHX,1
6416-YJTTB,1
8634-CILSZ,1
3453-RTHJQ,1
3785-KTYSH,1
9782-LGXMC,1
4443-EMBNA,1
4933-BSAIP,1
5649-ANRML,1
5175-WLYXL,1
0078-XZMHT,1
7395-IGJOS,1
4075-WKNIU,1
4537-DKTAL,1
7579-KKLOE,1
5849-ASHZJ,1
5602-BVFMK,1
6650-BWFRT,1
4851-BQDNX,1
8750-QWZAJ,1
5227-JSCFE,1
9680-NIAUV,1
1347-KTTTA,1
3976-HXHCE,1
2252-NKNSI,1
1215-EXRMO,1
3754-DXMRT,1
5542-DHSXL,1
4163-NCJAK,1
1391-UBDAR,1
9129-UXERG,1
6702-OHFWR,1
0311-QYWSS,1
2300-RQGOI,1
3655-SNQYZ,1
6620-HVDUJ,1
3227-WLKLI,1
7296-PIXQY,1
8752-GHJFU,1
4745-LSPLO,1
7605-BDWDC,1
0708-LGSMF,1
9391-TTOYH,1
8512-WIWYV,1
5960-MVTUK,1
7142-HVGBG,1
3398-ZOUAA,1
5447-VYTKW,1
3688-FTHLT,1
3373-YZZYM,1
5959-BELXA,1
1934-SJVJK,1
3061-BCKYI,1
4397-FRLTA,1
8016-ZMGMO,1
9445-ZUEQE,1
8760-ZRHKE,1
4659-NZRUF,1
6563-VNPMN,1
6510-UPNKS,1
3340-QBBFM,1
9424-CMPOG,1
8908-NMQTX,1
4163-KIUHY,1
0822-GAVAP,1
2466-NEJOJ,1
0303-UNCIP,1
4831-EOBFE,1
1328-EUZHC,1
1448-CYWKC,1
0815-MFZGM,1
8152-VETUR,1
9661-ACXBS,1
1449-XQEMT,1
1760-CAZHT,1
6518-LGAOV,1
0011-IGKFF,1
7130-YXBRO,1
2607-FBDFF,1
4951-UKAAQ,1
7611-YKYTC,1
4291-HYEBC,1
9766-HGEDE,1
5982-XMDEX,1
8685-WHQPW,1
7524-VRLPL,1
3352-ALMCK,1
3556-BVQGL,1
7009-PCARS,1
3005-NFMTA,1
5614-DNZCE,1
9578-VRMNM,1
0840-DFEZH,1
0771-CHWSK,1
3038-PQIUY,1
9158-VCTQB,1
2192-CKRLV,1
5372-FBKBN,1
1970-KKFWL,1
2324-EFHVG,1
9091-WTUUY,1
7196-LIWRH,1
1208-DNHLN,1
1583-IHQZE,1
0750-EKNGL,1
2931-FSOHN,1
8128-YVJRG,1
7162-WPHPM,1
9658-WYUFB,1
8012-SOUDQ,1
6551-GNYDG,1
8761-NSOBC,1
2595-KIWPV,1
5176-OLSKT,1
8285-ABVLB,1
9881-VCZEP,1
5716-EZXZN,1
2135-RXIHG,1
7975-JMZNT,1
1376-HHBDV,1
4710-NKCAW,1
0875-CABNR,1
3254-YRILK,1
2674-MLXMN,1
5244-IRFIH,1
6905-NIQIN,1
9619-GSATL,1
3446-QDSZF,1
5172-MIGPM,1
4612-THJBS,1
2379-GYFLQ,1
4815-TUMEQ,1
0214-JHPFW,1
2243-FNMMI,1
8194-PEEBY,1
6686-YPGHK,1
5570-PTWEH,1
5338-YHWYT,1
8631-WUXGY,1
3082-WQRVY,1
4503-BDXBD,1
9891-NQDBD,1
0565-IYCGT,1
7938-OUHIO,1
0406-BPDVR,1
3863-IUBJR,1
4081-DYXAV,1
6670-MFRPK,1
6017-PPLPX,1
6368-NWMCE,1
3642-GKTCT,1
0529-ONKER,1
5939-XAIXZ,1
7853-OETYL,1
7252-NTGSS,1
9714-EDSUC,1
7389-KBFIT,1
4282-YMKNA,1
5197-PYEPU,1
3566-HJGPK,1
3503-TYDAY,1
6849-OYAMU,1
3317-HRTNN,1
0238-WHBIQ,1
0578-SKVMF,1
3696-DFHHB,1
0363-SVHYR,1
5895-QSXOD,1
0201-OAMXR,1
3920-HIHMQ,1
9639-BUJXT,1
3926-CUQZX,1
8007-YYPWD,1
0786-IVLAW,1
5136-KCKGI,1
8337-MSSXB,1
7633-MVPUY,1
5485-ITNPC,1
3635-QQRQD,1
5656-MJEFC,1
8651-ENBZX,1
6288-LBEAR,1
9249-FXSCK,1
3486-HOOGQ,1
6048-UWKAL,1
1599-MMYRQ,1
8749-TZYEC,1
7856-GANIL,1
7225-IILWY,1
7359-SSBJK,1
8972-HJWNV,1
1170-SASML,1
7365-BVCJH,1
1897-RCFUM,1
2712-SYWAY,1
3373-DIUUN,1
1676-MQAOA,1
0496-AHOOK,1
3039-MJSLN,1
9500-WBGRP,1
2429-AYKKO,1
0212-ISBBF,1
7145-FEJWU,1
0618-XWMSS,1
1403-LKLIK,1
9702-AIUJO,1
0634-SZPQA,1
8937-RDTHP,1
7564-GHCVB,1
4884-LEVMQ,1
1453-RZFON,1
4957-TREIR,1
5928-QLDHB,1
7074-STDCN,1
9888-ZCUMM,1
6770-UAYGJ,1
1293-BSEUN,1
4847-QNOKA,1
6897-UUBNU,1
1898-JSNDC,1
0458-HEUZG,1
9066-QRSDU,1
0415-MOSGF,1
8706-HRADD,1
7245-JMTTQ,1
9578-FOMUK,1
6393-WRYZE,1
2834-SPCJV,1
2371-JUNGC,1
8627-ZYGSZ,1
6407-UTSLV,1
2378-VTKDH,1
7315-WYOAW,1
8947-YRTDV,1
7470-DYNOE,1
5916-QEWPT,1
3301-LSLWQ,1
1941-HOSAM,1
2023-VQFDL,1
0080-EMYVY,1
9851-QXEEQ,1
8910-LEDAG,1
0621-TSSMU,1
7131-ZQZNK,1
7722-VJRQD,1
3213-VVOLG,1
0691-NIKRI,1
0266-CLZKZ,1
5989-AXPUC,1
5546-QUERU,1
7795-CFOCW,1
1877-HKBQX,1
4116-IQRFR,1
9746-MDMBK,1
1320-GVNHT,1
5701-ZIKJE,1
8017-UVSZU,1
4083-BFNYK,1
7951-QKZPL,1
9574-BOSMD,1
9691-HKOVS,1
6199-IPCAO,1
1074-WVEVG,1
7407-SUJIZ,1
9526-BIHHD,1
5216-WASFJ,1
6439-LAJXL,1
9318-NKNFC,1
9153-BTBVV,1
3552-CTCYF,1
8800-JOOCF,1
3927-NLNRY,1
3181-VTHOE,1
7931-PXHFC,1
3199-NPKCN,1
1335-HQMKX,1
3086-RUCRN,1
1268-ASBGA,1
6537-QLGEX,1
2446-PLQVO,1
8981-FJGLA,1
1450-SKCVI,1
8203-XJZRC,1
4832-VRBMR,1
7776-QGYJC,1
5887-IKKYO,1
0757-WCUUZ,1
3898-BSJYF,1
7783-YKGDV,1
2946-KIQSP,1
9076-AXYIK,1
6072-NUQCB,1
0215-BQKGS,1
9408-SSNVZ,1
4713-ZBURT,1
4826-DXMUP,1
5028-HTLJB,1
2569-WGERO,1
1852-QSWCD,1
1488-PBLJN,1
2027-OAQQC,1
7472-EQOAV,1
1393-IMKZG,1
7872-BAAZR,1
8433-WXGNA,1
6952-OMNWB,1
4797-AXPXK,1
2037-XJFUP,1
9146-JRIOX,1
3468-DRVQJ,1
8628-MFKAX,1
9770-KXGQU,1
8510-BBWMU,1
8257-RZAHR,1
9825-YCXWZ,1
4918-QLLIW,1
3841-NFECX,1
6569-KTMDU,1
0380-NEAVX,1
6034-ZRYCV,1
0862-PRCBS,1
1207-BLKSA,1
1821-BUCWY,1
0556-FJEGU,1
2586-CWXVV,1
2722-VOJQL,1
5276-KQWHG,1
1222-LRYKO,1
1552-CZCLL,1
7851-WZEKY,1
9415-DPEWS,1
6586-MYGKD,1
1028-FFNJK,1
2978-XXSOG,1
1488-SYSFC,1
3190-XFANI,1
4616-ULAOA,1
8990-YOZLV,1
0374-FIUCA,1
9895-VFOXH,1
5970-GHJAW,1
2625-TRCZQ,1
3407-JMJQQ,1
3898-GUYTS,1
1573-LGXBA,1
3669-WHAFY,1
5027-QPKTE,1
8999-XXGNS,1
9722-UJOJR,1
3178-FESZO,1
6559-ILWKJ,1
6778-EICRF,1
3177-LASXD,1
7073-QETQY,1
1548-FEHVL,1
0195-IESCP,1
9845-PEEKO,1
5202-IVJNU,1
3584-WKTTW,1
2038-YSEZE,1
0795-LAFGP,1
4184-TJFAN,1
5834-ASPWA,1
7998-ZLXWN,1
5762-TJXGK,1
2578-JQPHZ,1
1043-YCUTE,1
4803-LBYPN,1
3736-BLEPA,1
1282-IHQAC,1
0696-UKTOX,1
5924-IFQTT,1
3551-GAEGL,1
0607-DAAHE,1
0533-BNWKF,1
1841-YSJGV,1
7602-MVRMB,1
3422-GALYP,1
7036-ZZKBD,1
1183-CANVH,1
8963-JLGJT,1
9174-FKWZE,1
1853-ARAAQ,1
2172-EJXVF,1
3466-BYAVD,1
4872-VXRIL,1
3439-GVUSX,1
1987-AUELQ,1
4950-BDEUX,1
5906-BFOZT,1
5248-KWLAR,1
2533-TIBIX,1
5214-CHIWJ,1
3445-HXXGF,1
9500-LTVBP,1
6652-YFFJO,1
8404-GFGCZ,1
4565-NLZBV,1
1498-DQNRX,1
1017-FBQMM,1
2931-VUVJN,1
4822-RVYBB,1
8548-AWOFC,1
7688-AWMDX,1
4094-NSEDU,1
0939-EREMR,1
1746-TGTWV,1
4611-ANLQC,1
6754-LZUKA,1
3055-OYMSE,1
2065-MMKGR,1
0454-OKRCT,1
0840-DCNZE,1
6663-JOCQO,1
0206-TBWLC,1
1402-PTHGN,1
0807-ZABDG,1
6840-RESVB,1
8747-UDCOI,1
7228-OMTPN,1
5789-LDFXO,1
8808-ELEHO,1
3327-YBAKM,1
0083-PIVIK,1
0961-ZWLVI,1
2660-EMUBI,1
3569-JFODW,1
5447-WZAFP,1
8779-QRDMV,1
6258-PVZWJ,1
5701-SVCWR,1
1303-SRDOK,1
7714-YXSMB,1
2460-NGXBJ,1
8902-ZEOVF,1
4628-WQCQQ,1
8982-NHAVY,1
4138-NAXED,1
2455-USLMV,1
9332-GYWLO,1
6484-LATFU,1
8929-KSWIH,1
5089-IFSDP,1
6075-SLNIL,1
6804-GDMOI,1
7396-VJUZB,1
9574-RKJIF,1
4092-OFQZS,1
0839-QNXME,1
6122-LJADA,1
6648-INWPS,1
0193-ESZXP,1
2091-GPPIQ,1
2840-XANRC,1
0980-PVMRC,1
9342-VNIMQ,1
2235-ZGKPT,1
4816-LXZYW,1
4806-DXQCE,1
4361-FEBGN,1
5199-FPUSP,1
6439-PKTRR,1
6904-JLBGY,1
7351-MHQVU,1
6726-WEXXK,1
2237-ZFSMY,1
8777-MBMTS,1
7754-IXRMC,1
2608-BHKFN,1
0856-NAOES,1
9985-MWVIX,1
8514-VZHEB,1
9840-EFJQB,1
4006-HKYHO,1
7752-XUSCI,1
0282-NVSJS,1
5955-ERIHD,1
8654-DHAOW,1
7064-FRRSW,1
9470-RTWDV,1
9503-XJUME,1
7593-XFKDI,1
7703-ZEKEF,1
9912-OMZDS,1
9633-XQABV,1
5093-FEGLU,1
6233-HXJMX,1
1162-ECVII,1
6092-QZVPP,1
8331-ZXFOE,1
1258-YMZNM,1
0623-IIHUG,1
8746-OQQRW,1
9796-MVYXX,1
3904-UKFRE,1
4704-ERYFC,1
7530-HDYDS,1
7562-UXTPG,1
1208-NBVFH,1
5222-JCXZT,1
6476-EPYZR,1
5640-CAXOA,1
4381-MHQDC,1
3721-WKIIL,1
4908-XAXAY,1
0784-GTUUK,1
8999-YPYBV,1
9651-GTSAQ,1
5747-PMBSQ,1
6435-SRWBJ,1
1354-YZFNB,1
5012-YSPJJ,1
5321-NTRKC,1
5996-EBTKM,1
6168-WFVVF,1
0859-YGKFW,1
8731-WBBMB,1
8904-OPDCK,1
1752-OZXFY,1
9137-NOQKA,1
9317-WZPGV,1
3658-QQJYD,1
8859-YSTWS,1
3097-FQTVJ,1
8931-GJJIQ,1
7493-GVFIO,1
0909-SDHNU,1
1073-XXCZD,1
5883-GTGVD,1
5327-CNLUQ,1
0042-JVWOJ,1
1577-HKTFG,1
1986-PHGZF,1
4118-CEVPF,1
4750-UKWJK,1
5729-KLZAR,1
9356-AXGMP,1
6907-NZZIJ,1
2081-KJSQF,1
2055-PDADH,1
9575-IWCAZ,1
6620-JDYNW,1
8316-BBQAY,1
7594-RQHXR,1
1552-TKMXS,1
2657-ALMWY,1
1027-LKKQQ,1
7148-XZPHA,1
3174-AKMAS,1
4835-YSJMR,1
3815-SLMEF,1
3807-BPOMJ,1
2193-SFWQW,1
3813-DHBBB,1
2654-VBVPB,1
8092-NLTGF,1
6357-JJPQT,1
5561-NWEVX,1
1930-WNXSB,1
3823-KYNQY,1
5044-XDPYX,1
5552-ZNFSJ,1
3329-WDIOK,1
6522-OIQSX,1
7074-IEVOJ,1
1534-OULXE,1
0899-WZRSD,1
8715-KKTFG,1
0871-OPBXW,1
0117-LFRMW,1
3097-PYWXL,1
4546-FOKWR,1
0067-DKWBL,1
5628-RKIFK,1
6198-RTPMF,1
5304-EFJLP,1
0917-EZOLA,1
7908-QCBCA,1
2777-PHDEI,1
1925-TIBLE,1
8734-FNWVH,1
3144-KMTWZ,1
7675-OZCZG,1
5002-GCQFH,1
9189-JWSHV,1
2219-MVUSO,1
2739-CCZMB,1
0621-HJWXJ,1
1935-IMVBB,1
7432-FFVAR,1
8337-UPOAQ,1
4770-QAZXN,1
5353-WILCI,1
1309-XGFSN,1
7016-BPGEU,1
3398-GCPMU,1
8835-VSDSE,1
7693-LCKZL,1
5685-IIXLY,1
2731-GJRDG,1
4957-TIALW,1
4001-TSBTV,1
1965-AKTSX,1
3315-IKYZQ,1
7088-FBAWU,1
2474-LCNUE,1
1307-ATKGB,1
3911-RSNHI,1
8854-CCVSQ,1
7789-HKSBS,1
3518-PZXZQ,1
9924-JPRMC,1
2582-FFFZR,1
0107-WESLM,1
3800-LYTRK,1
4727-MCYZG,1
5161-UBZXI,1
7852-LECYP,1
5872-OEQNH,1
8740-XLHDR,1
6502-HCJTI,1
5599-HVLTW,1
0396-UKGAI,1
4550-VBOFE,1
3612-YVGSJ,1
4625-XMOYM,1
5129-HHMZC,1
8821-KVZKQ,1
7501-VTYLJ,1
9046-DQMTP,1
0345-HKJVM,1
8623-TMRBY,1
5385-SUIRI,1
7694-VLBWQ,1
2249-YPRNG,1
9871-ELEYA,1
5577-OTWWW,1
1763-KUAAW,1
4547-FZJWE,1
7216-EWTRS,1
8837-VVWLQ,1
1228-FZFRV,1
3034-ZBEQN,1
7924-GJZFI,1
2474-BRUCM,1
7398-SKNQZ,1
2732-ISEZX,1
5712-VBOXD,1
9933-QRGTX,1
5696-QURRL,1
3458-IDMFK,1
7105-BENQF,1
1561-BWHIN,1
1839-FBNFR,1
9617-UDPEU,1
9974-JFBHQ,1
0308-GIQJT,1
9659-ZTWSM,1
0594-UFTUL,1
9392-XBGTD,1
2937-FTHUR,1
4430-YHXGG,1
6847-KJLTS,1
2676-ISHSF,1
0680-DFNNY,1
4425-OWHWB,1
8634-MPHTR,1
9443-JUBUO,1
7758-UJWYS,1
1813-JYWTO,1
0674-EYYZV,1
3585-YNADK,1
0320-DWVTU,1
5947-SGKCL,1
9780-FKVVF,1
4091-TVOCN,1
9497-QCMMS,1
7586-ZATGZ,1
0016-QLJIS,1
6024-RUGGH,1
3370-GQEAL,1
9800-OUIGR,1
1304-SEGFY,1
5846-NEQVZ,1
3590-TCXTB,1
9894-EZEWG,1
2410-CIYFZ,1
2898-MRKPI,1
6035-RIIOM,1
8573-CGOCC,1
2680-XKKNJ,1
0587-DMGBH,1
3001-UNBTL,1
2792-VPPET,1
5681-LLOEI,1
0689-DSXGL,1
5968-XQIVE,1
3118-UHVVQ,1
1891-FZYSA,1
9738-QLWTP,1
6599-RCLCJ,1
9168-INPSZ,1
6641-XRPSU,1
9647-ERGBE,1
7663-YJHSN,1
3571-RFHAR,1
8942-DBMHZ,1
2603-HVKCG,1
1399-UBQIU,1
7105-MXJLL,1
2550-QHZGP,1
2079-FBMZK,1
3537-RYBHH,1
1871-MOWRM,1
8540-ZQGEA,1
7774-OJSXI,1
0345-XMMUG,1
3261-CQXOL,1
5260-UMPWX,1
6114-TCFID,1
3745-HRPHI,1
2017-CCBLH,1
6479-OAUSD,1
9699-UBQFS,1
2826-UWHIS,1
2181-UAESM,1
0197-PNKNK,1
2916-BQZLN,1
8809-RIHDD,1
2896-TBNBE,1
0094-OIFMO,1
6140-QNRQQ,1
8824-RWFXJ,1
3108-PCCGG,1
6265-FRMTQ,1
5003-OKNNK,1
2640-PMGFL,1
9762-YAQAA,1
6215-NQCPY,1
1697-BCSHV,1
5442-XSDCW,1
4393-GEADV,1
4635-EJYPD,1
6972-SNKKW,1
8785-EPNCG,1
7480-SPLEF,1
6135-OZQVA,1
6894-LFHLY,1
7670-ZBPOQ,1
0804-XBFBV,1
9018-PCIOK,1
7009-LGECI,1
7465-ZZRVX,1
7609-NRNCA,1
6101-IMRMM,1
0440-MOGPM,1
1976-CFOCS,1
7295-JOMMD,1
4694-PHWFW,1
6933-VLYFX,1
0968-GSIKN,1
5968-HYJRZ,1
8413-YNHNV,1
8327-LZKAS,1
5555-RNPGT,1
7241-AJHFS,1
6865-JZNKO,1
5583-SXDAG,1
7562-GSUHK,1
0103-CSITQ,1
8679-LZBMD,1
5394-SVGJV,1
7075-BNDVQ,1
9560-BBZXK,1
1273-MTETI,1
9861-PDSZP,1
5533-NHFRF,1
5138-WVKYJ,1
0723-VSOBE,1
5193-QLVZB,1
0795-XCCTE,1
9938-TKDGL,1
9481-IEBZY,1
6583-QGCSI,1
6661-EIPZC,1
1024-VRZHF,1
9953-ZMKSM,1
3363-EWLGO,1
5288-AHOUP,1
8739-QOTTN,1
2002-MZHWP,1
7240-ETPTR,1
5278-PNYOX,1
1907-UBQFC,1
7839-QRKXN,1
2458-EOMRE,1
5692-ICXLW,1
8082-GHXOP,1
5229-PRWKT,1
1506-YJTYT,1
2868-MZAGQ,1
2519-TWKFS,1
8260-NGFNY,1
2157-MXBJS,1
9631-XEYKE,1
3727-OVPRY,1
0328-GRPMV,1
4450-DLLMH,1
4174-LPGTI,1
1293-HHSHJ,1
0220-EBGCE,1
6765-MBQNU,1
5346-BZCHP,1
2587-YNLES,1
5295-PCJOO,1
0853-TWRVK,1
3280-MRDOF,1
8748-HFWBO,1
7452-FOLON,1
7346-MEDWM,1
0314-TKOSI,1
9938-PRCVK,1
2107-FBPTK,1
4188-FRABG,1
5167-GBFRE,1
7587-AOVVU,1
2342-CKIAO,1
5985-BEHZK,1
3413-DHLPB,1
0229-LFJAF,1
9058-HRZSV,1
2480-JZOSN,1
0495-ZBNGW,1
8443-WVPSS,1
3512-IZIKN,1
9441-QHEVC,1
4676-WLUHT,1
8035-BUYVG,1
3714-JTVOV,1
5448-VWNAM,1
0315-LVCRK,1
2585-KTFRE,1
0644-OQMDK,1
6326-MTTXK,1
5133-VRSAB,1
9239-GZHZE,1
1353-LJWEM,1
7267-FRMJW,1
5669-SRAIP,1
8878-HMWBV,1
8065-BVEPF,1
7921-BEPCI,1
3295-YVUSR,1
6172-FECYY,1
2519-ERQOJ,1
2049-BAFNW,1
1455-UGQVH,1
3096-JRDSO,1
0125-LZQXK,1
5855-EIBDE,1
9643-YBLUR,1
7797-EJMDP,1
2988-GBIVW,1
2333-KWEWW,1
8871-JLMHM,1
6772-KSATR,1
3148-AOIQT,1
1977-STDKI,1
9730-DRTMJ,1
3886-CERTZ,1
6870-ECSHE,1
6745-JEFZB,1
6322-PJJDJ,1
2205-LPVGL,1
7163-OCEQI,1
0774-RMNUW,1
9553-DLCLU,1
7055-JCGNI,1
4140-WJAWW,1
1790-NESIO,1
6817-WTYHE,1
2332-EFBJY,1
0971-QIFJK,1
5598-IKHQQ,1
1656-DRSMG,1
7028-DVOIQ,1
1932-UEDCX,1
9695-IDRZR,1
7129-CAKJW,1
1125-SNVCK,1
8799-OXZMD,1
9848-JQJTX,1
5897-ZYEKH,1
0231-LXVAP,1
5724-BIDBU,1
9347-AERRL,1
8735-IJJEG,1
7519-JTWQH,1
0519-XUZJU,1
2451-YMUXS,1
2851-MMUTZ,1
0186-CAERR,1
6719-OXYBR,1
2662-NNTDK,1
6892-BOGQE,1
5815-HGGHV,1
9540-JYROE,1
9099-FTUHS,1
0362-RAOQO,1
5499-ECUTN,1
8402-EIVQS,1
3196-NVXLZ,1
3841-CONLJ,1
8029-XYPWT,1
3160-TYXLT,1
7753-USQYQ,1
5383-MMTWC,1
7657-DYEPJ,1
3058-WQDRE,1
9831-BPFRI,1
1154-HYWWO,1
9488-FYQAU,1
5035-BVCXS,1
5443-SCMKX,1
5474-LAMUQ,1
9631-RXVJM,1
1661-CZBAU,1
6173-ITPWD,1
0114-RSRRW,1
4597-ELFTS,1
0691-JVSYA,1
1846-XWOQN,1
7601-DHFWZ,1
1241-EZFMJ,1
2962-XPMCQ,1
2716-GFZOR,1
7480-QNVZJ,1
8434-PNQZX,1
3946-JEWRQ,1
4770-UEZOX,1
8168-UQWWF,1
4119-ZYPZY,1
0851-DFJKB,1
7858-GTZSP,1
4626-OZDTJ,1
9418-RUKPH,1
1867-TJHTS,1
4176-FXYBO,1
1194-BHJYC,1
4538-WNTMJ,1
3842-IYKUE,1
0515-YPMCW,1
9975-SKRNR,1
0936-NQLJU,1
3744-ZBHON,1
3259-KNMRR,1
3234-VKACU,1
9206-GVPEQ,1
3186-AJIEK,1
0325-XBFAC,1
7234-FECYN,1
4312-GVYNH,1
0221-WMXNQ,1
0619-OLYUR,1
7860-UXCRM,1
0244-LGNFY,1
9505-SQFSW,1
2251-PYLPB,1
4476-OSWTN,1
5066-GFJMM,1
9060-HJJRW,1
3644-QXEHN,1
3842-QTGDL,1
9199-PWQVC,1
6181-AXXYF,1
0343-QLUZP,1
5919-VCZYM,1
5110-CHOPY,1
1839-UMACK,1
3146-MSEGF,1
4374-YMUSQ,1
4393-RYCRE,1
7312-XSBAT,1
0580-PIQHM,1
6087-YPWHO,1
3489-HHPFY,1
7351-KYHQH,1
2097-YVPKN,1
8051-HJRLT,1
8084-OIVBS,1
9430-FRQOC,1
8869-LIHMK,1
6833-JMZYP,1
1177-XZBJL,1
1052-QJIBV,1
6500-JVEGC,1
8720-RQSBJ,1
1875-QIVME,1
2990-OGYTD,1
6689-KXGBO,1
4791-QRGMF,1
8920-NAVAY,1
9959-WOFKT,1
0247-SLUJI,1
4936-YPJNK,1
9117-SHLZX,1
1501-SGHBW,1
8896-BQTTI,1
6333-YDVLT,1
5414-OFQCB,1
2256-YLYLP,1
4897-QSUYC,1
3016-KSVCP,1
1004-NOZNR,1
1761-AEZZR,1
9227-YBAXE,1
9026-LHEVG,1
9453-PATOS,1
1480-BKXGA,1
8404-VLQFB,1
2338-BQEZT,1
4697-LUPSU,1
8318-LCNBW,1
4194-WHFCB,1
6435-VWCCY,1
2506-TNFCO,1
7402-PWYJJ,1
2724-FJDYW,1
8652-YHIYU,1
5726-CVNYA,1
2878-RMWXY,1
6121-TNHBO,1
3945-GFWQL,1
3419-SNJJD,1
8261-GWDBQ,1
4801-KFYKL,1
0869-PAPRP,1
3096-GKWEB,1
0582-AVCLN,1
2114-MGINA,1
4441-NIHPT,1
2486-WYVVE,1
6916-HIJSE,1
8265-HKSOW,1
0568-ONFPC,1
9027-TMATR,1
8124-NZVGJ,1
2809-ILCYT,1
7330-WZLNC,1
5439-WIKXB,1
1813-JLKWR,1
7233-PAHHL,1
1950-KSVVJ,1
1625-JAIIY,1
1485-YDHMM,1
3007-FDPEA,1
6873-UDNLD,1
2013-SGDXK,1
7595-EUIVN,1
6416-TVAIH,1
4030-VPZBD,1
5673-TIYIB,1
2452-SNHFZ,1
4106-HADHQ,1
2718-YSKCS,1
7668-XCFYV,1
7617-EYGLW,1
5176-LDKUH,1
3889-VWBID,1
2703-AMTUL,1
9947-OTFQU,1
4102-HLENU,1
9800-ONTFE,1
8984-EYLLL,1
4366-CTOUZ,1
3272-VUHPV,1
7710-JSYOA,1
8566-YPRGL,1
0931-MHTEM,1
2523-EWWZL,1
5143-WMWOG,1
0412-UCCNP,1
0708-SJDIS,1
8807-OPMBM,1
0277-BKSQP,1
7176-WRTNX,1
9787-XVQIU,1
4013-TLDHQ,1
8976-OQHGT,1
0886-QGENL,1
8663-UPDGF,1
9415-TPKRV,1
5312-IRCFR,1
0927-LCSMG,1
1904-WAJAA,1
4130-MZLCC,1
3378-AJRAO,1
2040-XBAVJ,1
0302-JOIVN,1
0947-MUGVO,1
7271-AJDTL,1
7695-PKLCZ,1
9668-PUGNU,1
3961-SXAXY,1
6447-EGDIV,1
4365-MSDYN,1
6240-EURKS,1
6289-CPNLD,1
8039-EQPIM,1
2073-QBVBI,1
6937-GCDGQ,1
7269-JISCY,1
0829-DDVLK,1
5651-CPDND,1
3804-RVTGV,1
1415-YFWLT,1
7134-HBPBS,1
3249-ZPQRG,1
1872-EBWSC,1
9134-WYRVP,1
3786-WOVKF,1
2037-SGXHH,1
3712-PKXZA,1
9975-GPKZU,1
1309-BXVOQ,1
5649-TJHOV,1
1768-HNVGJ,1
1576-PFZIW,1
2568-OIADY,1
8249-THVEC,1
9399-APLBT,1
7294-TMAOP,1
1439-LCGVL,1
1750-CSKKM,1
0940-OUQEC,1
9602-WCXPI,1
8454-AATJP,1
8372-JUXUI,1
1991-VOPLL,1
6496-SLWHQ,1
3451-VAWLI,1
6408-WHTEF,1
2983-ZANRP,1
1299-AURJA,1
0376-OIWME,1
5156-UMKOW,1
7682-AZNDK,1
0141-YEAYS,1
6516-NKQBO,1
5014-GSOUQ,1
5977-CKHON,1
1602-IJQQE,1
3583-EKAPL,1
9388-ZEYVT,1
9306-CPCBC,1
7841-TZDMQ,1
5811-IWXYM,1
2592-YKDIF,1
3097-NNSPB,1
3987-KQDDU,1
2123-VSCOT,1
4398-HSCJH,1
7634-WSWDB,1
4446-BZKHU,1
9715-SBVSU,1
5067-WJEUN,1
8049-WJCLQ,1
3589-PPVKW,1
1422-DGUBX,1
6502-MJQAE,1
4110-PFEUZ,1
8722-NGNBH,1
5701-YVSVF,1
7718-UPSKJ,1
6689-TCZHQ,1
4547-KQRTM,1
8887-IPQNC,1
5527-ACHSO,1
6007-TCTST,1
7608-RGIRO,1
8946-BFWSG,1
8710-YGLWG,1
8816-VXNZD,1
8844-TONUD,1
3528-HFRIQ,1
8305-VHZBZ,1
8348-JLBUG,1
4584-LBNMK,1
5940-NFXKV,1
6260-XLACS,1
0130-SXOUN,1
8107-RZLNV,1
3192-LNKRK,1
0885-HMGPY,1
5813-UECBU,1
6227-FBDXH,1
1480-IVEVR,1
9830-ECLEN,1
5294-IMHHT,1
6369-MCAKO,1
8221-HVAYI,1
4186-ZBUEW,1
9272-LSVYH,1
1832-PEUTS,1
2325-WINES,1
2725-TTRIQ,1
9584-EXCDZ,1
7109-MFBYV,1
0541-FITGH,1
3629-WEAAM,1
2640-LYMOV,1
1564-HJUVY,1
0847-HGRML,1
2580-ASVVY,1
8677-HDZEE,1
5394-MEITZ,1
2683-JXWQQ,1
0702-PGIBZ,1
1640-PLFMP,1
3654-ARMGP,1
0269-XFESX,1
2190-PHBHR,1
0329-GTIAJ,1
1169-SAOCL,1
1568-LJSZU,1
4948-WBBKL,1
3995-WFCSM,1
4998-IKFSE,1
9964-WBQDJ,1
9360-AHGNL,1
9776-CLUJA,1
3170-NMYVV,1
6465-GSRCL,1
2801-NISEI,1
3506-LCJDC,1
0420-HLGXF,1
0139-IVFJG,1
7182-OVLBJ,1
1644-IRKSF,1
0264-CNITK,1
1265-ZFOSD,1
1131-QQZEB,1
9498-FIMXL,1
6749-UTDVX,1
0655-YDGFJ,1
7000-WCEVQ,1
7521-YXVZY,1
8404-FYDIB,1
3891-NLXJB,1
5668-MEISB,1
5056-FIMPT,1
2284-VFLKH,1
1597-LHYNC,1
3137-NYQQI,1
2520-SGTTA,1
5821-MMEIL,1
6778-YSNIH,1
3049-NDXFL,1
5989-OMNJE,1
4320-QMLLA,1
0843-WTBXE,1
5743-KHMNA,1
2800-VEQXM,1
3769-MHZNV,1
2507-QZPQS,1
6303-KFWSL,1
0020-INWCK,1
7100-FQPRV,1
0872-JCPIB,1
4632-PAOYU,1
1265-BCFEO,1
9253-VIFJQ,1
4625-EWPTF,1
9501-UKKNL,1
8945-GRKHX,1
4826-TZEVA,1
8165-CBKXO,1
3134-DSHVC,1
6584-VQMYT,1
2026-TGDHM,1
4716-MRVEN,1
2739-CACDQ,1
3808-HFKDE,1
2560-WBWXF,1
7817-OMJNA,1
4115-BNPJY,1
5868-YWPDW,1
4065-JJAVA,1
4291-YZODP,1
7841-FCRQD,1
6386-SZZKH,1
7663-ZTEGJ,1
8393-JMVMB,1
3057-VJJQE,1
3223-DWFIO,1
5687-DKDTV,1
5060-TQUQN,1
0455-ENTCR,1
8387-UGUSU,1
8008-ESFLK,1
2403-BCASL,1
9436-ZBZCT,1
8552-OBVRU,1
8383-SGHJU,1
8974-OVACP,1
6064-PUPMC,1
1159-WFSGR,1
3398-FSHON,1
0324-BRPCJ,1
8066-POXGX,1
1951-IEYXM,1
8099-MZPUJ,1
0402-CQAJN,1
9074-KGVOX,1
2530-ENDWQ,1
5016-LIPDW,1
8185-UPYBR,1
9290-SHCMB,1
1389-CXMLU,1
4510-PYUSH,1
8884-MRNSU,1
3956-MGXOG,1
3863-QSTYI,1
5188-HGMLP,1
6908-VVYHM,1
0723-FDLAY,1
6036-TTFYU,1
3162-KKZXO,1
4580-TMHJU,1
1173-NOEYG,1
2038-OEQZH,1
4529-CKBCL,1
2977-CEBSX,1
0196-VULGZ,1
7284-BUYEC,1
8276-MQBYC,1
6432-TWQLB,1
4671-VJLCL,1
3914-FDRHP,1
7270-BDIOA,1
6786-OBWQR,1
8225-BTJAU,1
8513-OLYGY,1
8822-KNBHV,1
4718-DHSMV,1
9251-AWQGT,1
6614-YWYSC,1
4608-LCIMN,1
1395-WSWXR,1
4238-HFHSN,1
8070-AAWZP,1
9470-YFUYI,1
3411-WLRSQ,1
8838-GPHZP,1
0853-NWIFK,1
3689-MOZGR,1
0723-DRCLG,1
4536-PLEQY,1
7120-RFMVS,1
2189-WWOEW,1
1722-LDZJS,1
0224-HJAPT,1
0265-EDXBD,1
0248-IPDFW,1
6050-FFXES,1
5312-UXESG,1
2462-XIIJB,1
8250-ZNGGW,1
6563-VRERX,1
0864-FVJNJ,1
0464-WJTKO,1
5639-NTUPK,1
2135-DQWAQ,1
3050-GBUSH,1
8148-WOCMK,1
6572-ADKRS,1
4685-TFLLS,1
2039-JONDJ,1
2067-QYTCF,1
6736-DHUQI,1
0673-IGUQO,1
3428-MMGUB,1
8630-QSGXK,1
7876-AEHIG,1
7895-VONWT,1
7244-KXYZN,1
7538-GWHML,1
6789-HJBWG,1
4255-DDUOU,1
7014-ZZXAW,1
0620-DLSLK,1
2845-AFFTX,1
4774-HHGGS,1
2239-JALAW,1
0148-DCDOS,1
0822-QGCXA,1
2903-YYTBW,1
4695-WJZUE,1
7508-DQAKK,1
9764-REAFF,1
6988-CJEYV,1
7450-NWRTR,1
0716-BQNDX,1
1866-RZZQS,1
4056-QHXHZ,1
4274-OWWYO,1
4971-PUYQO,1
8380-MQINP,1
5204-QZXPU,1
3084-DOWLE,1
5143-EGQFK,1
0699-NDKJM,1
4785-NKHCX,1
3372-CDXFJ,1
9391-YZEJW,1
3671-SHRSP,1
0082-LDZUE,1
5734-EJKXG,1
4598-XLKNJ,1
1163-VIPRI,1
0096-FCPUF,1
9351-LZYGF,1
2453-SAFNS,1
8295-KMENE,1
6418-PIQSP,1
3530-CRZSB,1
0842-IWYCP,1
2294-SALNE,1
4707-MAXGU,1
2160-GPFXD,1
0017-DINOC,1
3164-AALRN,1
0369-ZGOVK,1
9846-GKXAS,1
4355-CVPVS,1
9799-CAYJJ,1
2530-FMFXO,1
7815-PDTHL,1
7746-AWNQW,1
0956-SYCWG,1
9693-XMUOB,1
7446-SFAOA,1
3165-HDOEW,1
0536-BGFMZ,1
9904-EHEVJ,1
1468-DEFNC,1
5055-MGMGF,1
9734-YWGEX,1
3494-JCHRQ,1
9710-NJERN,1
9705-ZJBCG,1
5829-NVSQN,1
6365-MTGZX,1
2364-UFROM,1
8894-JVDCV,1
0824-VWDPO,1
2018-QKYGT,1
8565-HBFNN,1
9938-ZREHM,1
1135-LMECX,1
8749-JMNKX,1
5935-FCCNB,1
2045-BMBTJ,1
6918-UMQCG,1
5149-CUZUJ,1
5519-YLDGW,1
3144-AUDBS,1
8591-NXRCV,1
4250-ZBWLV,1
9055-MOJJJ,1
0128-MKWSG,1
1226-UDFZR,1
7850-VWJUU,1
3934-HXCFZ,1
2535-PBCGC,1
5828-DWPIL,1
8996-ZROXE,1
1306-RPWXZ,1
7326-RIGQZ,1
3424-NMNBO,1
7610-TVOPG,1
1465-WCZVT,1
2208-UGTGR,1
9086-YJYXS,1
2040-VZIKE,1
9386-LDCZR,1
8216-AZUUZ,1
0811-GSDTP,1
0230-WEQUW,1
8204-YJCLA,1
9708-KFDBY,1
5996-DAOQL,1
2576-HXMPA,1
8774-GSBUN,1
5119-NZPTV,1
3420-ZDBMA,1
4827-LTQRJ,1
9269-CQOOL,1
9496-IVVRP,1
1069-QJOEE,1
2737-WFVYW,1
7542-CYDDM,1
9795-NREXC,1
6103-BOCOU,1
4432-ADRLB,1
8178-EYZUO,1
0318-ZOPWS,1
3551-HUAZH,1
1642-HMARX,1
1918-ZBFQJ,1
7041-TXQJH,1
1855-AGAWH,1
1202-KKGFU,1
2144-BFDSO,1
6502-KUGLL,1
9426-SXNHE,1
0428-AXXLJ,1
7554-NEWDD,1
4568-KNYWR,1
5567-GZKQY,1
1728-CXQBE,1
4349-GFQHK,1
8597-CTXVJ,1
0114-IGABW,1
4683-WYDOU,1
5862-BRIXZ,1
0780-XNZFN,1
4922-CVPDX,1
5788-YPOEG,1
1285-OKIPP,1
6961-VCPMC,1
7143-BQIBA,1
5980-BDHPY,1
0666-UXTJO,1
1866-NXPSP,1
4289-DTDKW,1
6486-LHTMA,1
9862-KJTYK,1
9092-GDZKO,1
7727-SHVZV,1
3423-HHXAO,1
5482-VXSXJ,1
6362-QHAFM,1
8063-GBATB,1
2072-ZVJJX,1
8060-HIWJJ,1
8050-DVOJX,1
2481-SBOYW,1
2379-ENZGV,1
4248-HCETZ,1
6821-JPCDC,1
2419-FSORS,1
4143-OOBWZ,1
8679-JOEVF,1
1498-NHTLT,1
6371-NZYEG,1
8290-YWKHZ,1
8146-QQKZH,1
1834-WULEG,1
4450-YOOHP,1
2126-GSEGL,1
6348-SNFUS,1
2122-YWVYA,1
1571-SAVHK,1
6711-FLDFB,1
5832-TRLPB,1
9053-EJUNL,1
9028-LIHRP,1
5909-ECHUI,1
5429-LWCMV,1
0495-RVCBF,1
8058-JMEQO,1
9847-HNVGP,1
9845-QOMAD,1
2761-XECQW,1
1921-KYSAY,1
3126-WQMGH,1
4822-NGOCH,1
4891-NLUBA,1
7779-LGOVN,1
4325-NFSKC,1
5854-KSRBJ,1
8050-XGRVL,1
6202-DYYFX,1
1767-TGTKO,1
9828-QHFBK,1
9124-LHCJQ,1
0207-MDKNV,1
5696-EXCYS,1
9495-REDIY,1
2495-TTHBQ,1
5575-GNVDE,1
6408-OTUBZ,1
7011-CVEUC,1
5320-BRKGK,1
7277-KAMWT,1
1142-WACZW,1
8659-HDIYE,1
4293-ETKAP,1
4032-RMHCI,1
1612-EOHDH,1
6567-HOOPW,1
0292-WEGCH,1
1833-VGRUM,1
3374-PZLXD,1
9940-HPQPG,1
0657-DOGUM,1
3389-YGYAI,1
7445-WMRBW,1
0208-BPQEJ,1
7869-ZYDST,1
2725-IWWBA,1
0356-OBMAC,1
1427-VERSM,1
8246-SHFGA,1
7672-VFMXZ,1
0334-GDDSO,1
1478-VPOAD,1
0675-NCDYU,1
0484-JPBRU,1
4471-KXAUH,1
4585-HETAI,1
7945-HLKEA,1
1226-IENZN,1
7047-FWEYA,1
5071-FBJFS,1
0396-YCHWO,1
3082-YVEKW,1
6121-VZNQB,1
8356-WUAOJ,1
9873-MNDKV,1
8784-CGILN,1
4139-SUGLD,1
7767-UXAGJ,1
5144-PQCDZ,1
7878-RTCZG,1
4813-HQMGZ,1
6261-RCVNS,1
4868-AADLV,1
0486-LGCCH,1
4890-VMUAV,1
2876-VBBBL,1
8402-OOOHJ,1
1635-NZATJ,1
8496-EJAUI,1
4607-CHPCA,1
6818-WOBHJ,1
9531-NSBMR,1
8943-URTMR,1
8166-ZZTFS,1
5370-IIVVL,1
8417-GSODA,1
9863-JZAIC,1
2215-ZAFGX,1
6532-YLWSI,1
6595-YGXIT,1
0727-IWKVK,1
8806-EAGWC,1
8849-PRIQJ,1
5908-QMGOE,1
0701-RFGFI,1
9958-MEKUC,1
7593-JNWRU,1
5616-PRTNT,1
4116-TZAQJ,1
6094-ZIVKX,1
8815-LMFLX,1
8080-POTJR,1
4228-ZGYUW,1
7932-WPTDS,1
0640-YJTPY,1
8067-NIOYM,1
3538-WZPHD,1
1060-ENTOF,1
5846-ABOBJ,1
6437-UDQJM,1
9467-ROOLM,1
7228-PAQPD,1
7839-NUIAA,1
1455-HFBXA,1
8071-SBTRN,1
6022-KOUQO,1
5445-GLVOT,1
8468-EHYJA,1
1407-DIGZV,1
7077-XJMET,1
8413-VONUO,1
6603-QWSPR,1
8561-NMTBD,1
1614-JBEBI,1
4636-TVXVG,1
3855-ONCAR,1
8992-JQYUN,1
1302-TPUBN,1
0818-OCPZO,1
2229-DPMBI,1
3050-RLLXC,1
5154-VEKBL,1
2623-DRYAM,1
3522-CDKHF,1
7246-ZGQDF,1
5057-LCOUI,1
0975-VOOVL,1
6647-ZEDXT,1
3002-WQZWT,1
8535-SFUTN,1
3055-MJDSB,1
5275-PMFUT,1
8309-PPCED,1
5918-VUKWP,1
4827-USJHP,1
1431-CYWMH,1
2347-WKKAE,1
7771-ZONAT,1
6010-DDPPW,1
9770-LXDBK,1
8563-OYMQY,1
7503-MIOGA,1
6974-DAFLI,1
6807-SIWJI,1
8259-NFJTV,1
1777-JYQPJ,1
5229-DTFYB,1
9546-KDTRB,1
4667-QONEA,1
6360-SVNWV,1
4316-XCSLJ,1
8085-MSNLK,1
9170-GYZJC,1
8410-BGQXN,1
6689-VRRTK,1
5299-SJCZT,1
1563-IWQEX,1
3282-ZISZV,1
2075-RMJIK,1
8044-BGWPI,1
4385-GZQXV,1
6844-DZKRF,1
2812-ENYMO,1
9769-TSBZE,1
3768-VHXQO,1
4822-LPTYJ,1
1981-INRFU,1
9909-IDLEK,1
5197-LQXXH,1
7964-VEXDG,1
7284-ZZLOH,1
8465-SBRXP,1
0423-UDIJQ,1
3154-HMWUU,1
1624-WOIWJ,1
2873-ZLIWT,1
5248-YGIJN,1
0052-DCKON,1
3219-JQRSL,1
8766-PAFNE,1
3407-QGWLG,1
0442-TDYUO,1
2718-GAXQD,1
6723-CEGQI,1
4062-HBMOS,1
5074-FBGHB,1
9931-DCEZH,1
8755-OGKNA,1
3190-FZATL,1
2664-XJZNO,1
7471-WNSUF,1
5377-NDTOU,1
3969-GYXEL,1
0392-BZIUW,1
7109-CQYUZ,1
7024-OHCCK,1
7072-MBHEV,1
7356-IWLFW,1
2636-ALXXZ,1
7636-OWBPG,1
2344-JMOGN,1
1061-PNTHC,1
4210-QFJMF,1
2848-YXSMW,1
6715-OFDBP,1
0002-ORFBO,1
4039-HEUNW,1
3258-SYSWS,1
5472-CVMDX,1
5793-YOLJN,1
0311-UNPFF,1
0357-NVCRI,1
6996-KNSML,1
5652-MSDEY,1
2546-KZAAT,1
1814-DKOLC,1
8932-CZHRQ,1
3097-NQYSN,1
1866-OBPNR,1
0036-IHMOT,1
1740-CSDJP,1
7576-JMYWV,1
9402-ORRAH,1
8605-ITULD,1
9555-SAHUZ,1
9970-QBCDA,1
4652-ODEVH,1
4737-AQCPU,1
5884-FBCTL,1
0722-SVSFK,1
2465-BLLEU,1
3963-RYFNS,1
2984-AFWNC,1
2357-COQEK,1
0667-NSRGI,1
2495-KZNFB,1
5120-ZBLAI,1
2121-JAFOM,1
4933-IKULF,1
5539-HIVAK,1
3580-REOAC,1
0023-HGHWL,1
5382-TEMLV,1
6752-APNJL,1
1623-NLDOT,1
8229-TNIQA,1
4544-RXFMG,1
2316-ESMLS,1
0374-AACSZ,1
4877-EVATK,1
3810-DVDQQ,1
2207-NHRJK,1
7599-NTMDP,1
3981-QSVQI,1
2143-LJULT,1
4487-ZYJZK,1
7083-MIOPC,1
4059-IIEBK,1
3247-MHJKM,1
5590-ZSKRV,1
9172-JITSM,1
4007-NHVHI,1
9300-RENDD,1
9208-OLGAQ,1
8417-FMLZI,1
8075-GXIUB,1
5619-PTMIK,1
2082-CEFLT,1
7486-KSRVI,1
0787-LHDYT,1
8498-XXGWA,1
6982-UQZLY,1
4526-RMTLL,1
7203-OYKCT,1
0397-GZBBC,1
5151-HQRDG,1
4504-YOULA,1
0831-JNISG,1
8232-UTFOZ,1
3662-FXJFO,1
3703-KBKZP,1
5756-JYOJT,1
6305-YLBMM,1
4836-WNFNO,1
7240-FQLHE,1
6968-GMKPR,1
1552-AAGRX,1
9626-VFRGG,1
7619-PLRLP,1
6839-ITVZJ,1
5485-WUYWF,1
5242-UOWHD,1
1539-LNKHM,1
7206-PQBBZ,1
0191-EQUUH,1
9564-KCLHR,1
9127-FHJBZ,1
7580-UGXNC,1
0795-GMVQO,1
2791-SFVEW,1
7786-WBJYI,1
8640-SDGKB,1
7596-LDUXP,1
0196-JTUQI,1
6849-WLEYG,1
3308-MHOOC,1
2018-PZKMU,1
7969-FFOWG,1
1022-RKXDR,1
9169-BSVIN,1
5906-DVAPM,1
4661-NJEUX,1
1338-CECEE,1
7825-GKXMW,1
9620-ENEJV,1
0409-WTMPL,1
1095-JUDTC,1
5480-XTFFL,1
5149-QYTTU,1
6625-UTXEW,1
7742-MYPGI,1
8375-KVTHK,1
8169-SAEJD,1
7890-VYYWG,1
4061-UKJWL,1
6718-BDGHG,1
0970-QXPXW,1
7916-VCCPB,1
4334-HOWRP,1
4439-YRNVD,1
4804-NCPET,1
7683-CBDKJ,1
3549-ZTMNH,1
7508-SMHXL,1
9512-PHSMG,1
1194-HVAIF,1
8150-QUDFX,1
2189-UXTKY,1
5678-VFNEQ,1
2351-BKRZW,1
1724-BQUHA,1
1262-OPMFY,1
0187-WZNAB,1
9646-NMHXE,1
4782-OSFXZ,1
0253-ZTEOB,1
1626-ERCMM,1
5339-TJFEK,1
9337-SRRNI,1
6734-CKRSM,1
2868-SNELZ,1
5766-XQXMQ,1
9565-FLVCG,1
8388-DMKAE,1
1548-ARAGG,1
7639-OPLNG,1
6923-EFPNL,1
6981-TDRFT,1
5309-TAIKL,1
9102-OXKFY,1
9239-ZBZZV,1
5716-LIBJC,1
5995-OIGLP,1
9805-FILKB,1
3640-PHQXK,1
2985-JUUBZ,1
3315-TOTBP,1
7107-UBYKY,1
1596-BBVTG,1
1228-ZLNBX,1
3498-LZGQZ,1
1550-EENBN,1
1725-IQNIY,1
5013-SBUIH,1
0133-BMFZO,1
4616-EWBNJ,1
9978-HYCIN,1
9948-YPTDG,1
4189-NAKJS,1
5995-SNNEW,1
6231-WFGFH,1
0303-WMMRN,1
2011-TRQYE,1
7343-EOBEU,1
4351-QLCSU,1
3266-FTKHB,1
3750-RNQKR,1
7674-YTAFD,1
1223-UNPKS,1
6425-YQLLO,1
3391-JSQEW,1
2027-CWDNU,1
5386-THSLQ,1
8149-RSOUN,1
6464-KEXXH,1
8262-COGGB,1
8450-LUGUK,1
6344-SFJVH,1
6546-OPBBH,1
7968-QUXNS,1
7305-ZWMAJ,1
6963-KQYQB,1
7208-PSIHR,1
1307-TVUFB,1
7721-DVEKZ,1
3806-YAZOV,1
6457-USBER,1
3078-ZKNTS,1
1985-MBRYP,1
7409-JURKQ,1
3410-MHHUM,1
5914-XRFQB,1
7929-SKFGK,1
3717-OFRTN,1
6195-MELTI,1
4829-ZLJTK,1
2223-KAGMX,1
0596-BQCEQ,1
0512-FLFDW,1
6156-UZDLF,1
9965-YOKZB,1
3308-DGHKL,1
3588-WSTTJ,1
7623-HKYRK,1
4778-IZARL,1
9992-RRAMN,1
7359-PTSXY,1
5312-TSZVC,1
0611-DFXKO,1
4074-SJFFA,1
6250-CGGUN,1
7379-FNIUJ,1
0916-KNFAJ,1
1196-AMORA,1
9504-DSHWM,1
0570-BFQHT,1
3067-SVMTC,1
2568-BRGYX,1
0428-IKYCP,1
2884-GBPFB,1
5277-ZLOOR,1
9705-IOVQQ,1
6158-DWPZT,1
3262-EIDHV,1
2081-VEYEH,1
7801-CEDNV,1
8563-IIOXK,1
8510-TMWYB,1
2706-QZIHY,1
4847-TAJYI,1
7979-CORPM,1
0420-BWTPW,1
4576-CSAJH,1
7850-THJMU,1
4719-UMSIY,1
8647-SDTWQ,1
0690-SRQID,1
4816-OKWNX,1
6729-FZWSY,1
7115-IRDHS,1
4636-OLWOE,1
8957-THMOA,1
8197-BFWVU,1
1122-JWTJW,1
1837-YQUCE,1
0835-JKADZ,1
3138-BKYAV,1
5405-ZMYXQ,1
3043-SUDUA,1
1919-RTPQD,1
8734-DKSTZ,1
8625-AZYZY,1
9499-XPZXM,1
5423-BHIXO,1
0617-FHSGK,1
6633-SYEUS,1
4837-PZTIC,1
1086-LXKFY,1
1850-AKQEP,1
8969-PRHFK,1
3132-TVFDZ,1
4609-KNNWG,1
2472-OVKUP,1
1600-DILPE,1
1543-LLLFT,1
3088-LHEFH,1
7176-WIONM,1
2842-BCQGE,1
5627-TVBPP,1
3090-LETTY,1
6060-DRTNL,1
7547-EKNFS,1
2882-DDZPG,1
5797-APWZC,1
3283-WCWXT,1
0348-SDKOL,1
0404-SWRVG,1
4128-ETESU,1
4673-KKSLS,1
3351-NQLDI,1
5686-CMAWK,1
9921-EZKBY,1
7576-ASEJU,1
7711-YIJWC,1
7823-JSOAG,1
5146-CBVOE,1
7901-IIDQV,1
2369-UAPKZ,1
0440-EKDCF,1
5630-IXDXV,1
1270-XKUCC,1
9921-QFQUL,1
7349-ALMUX,1
9717-IOAAF,1
8317-BVKSO,1
3737-GCSPV,1
2030-BTZRO,1
7103-ZGVNT,1
5816-JMLGY,1
7243-LCGGZ,1
3045-XETSH,1
4367-NHWMM,1
7020-OZKXZ,1
3387-VATUS,1
8019-ENHXU,1
1089-HDMKP,1
4139-JPIAM,1
4942-VZZOM,1
6131-JLWZM,1
1230-QAJDW,1
4644-PIZRT,1
9750-BOOHV,1
5208-FVQKB,1
8357-EQXFO,1
7607-QKKTJ,1
4939-KYYPY,1
0442-ZXKVS,1
7594-LZNWR,1
3797-VTIDR,1
4883-QICIH,1
0621-TWIEM,1
3583-KRKMD,1
2811-POVEX,1
1814-WFGVS,1
3705-RHRFR,1
0617-AQNWT,1
9795-VOWON,1
6762-QVYJO,1
9659-QEQSY,1
0930-EHUZA,1
9774-NRNAU,1
2656-FMOKZ,1
2565-JSLRY,1
8614-VGMMV,1
4361-BKAXE,1
0887-HJGAR,1
4080-OGPJL,1
3062-ICYZQ,1
4078-SAYYN,1
3771-PZOBW,1
5075-JSDKI,1
2675-OTVVJ,1
9560-ARGQJ,1
0426-TIRNE,1
3049-SOLAY,1
1357-MVDOZ,1
1333-PBMXB,1
6586-PSJOX,1
1163-ONYEY,1
5766-FTRTS,1
6728-CZFEI,1
9588-OZDMQ,1
3346-BRMIS,1
9821-BESNZ,1
5201-CBWYG,1
0021-IKXGC,1
6599-GZWCM,1
7639-SUPCW,1
4765-OXPPD,1
7665-VIGUD,1
2612-RANWT,1
2542-HYGIQ,1
8294-UIMBA,1
7064-JHXCE,1
7268-IGMFD,1
8063-RJYNF,1
8344-WFMFH,1
2509-TFPJU,1
0404-AHASP,1
6082-GLJIX,1
9402-CXWPL,1
7673-BQGKU,1
3716-LRGXK,1
0697-ZMSWS,1
0742-NXBGR,1
5641-DMBFJ,1
9828-AOQLM,1
7696-AMHOD,1
1764-VUUMT,1
6618-RYATB,1
7734-DBOAI,1
2014-MKGMH,1
8627-EHGIP,1
4484-GLZOU,1
5519-NPHVG,1
4501-EQDRN,1
4652-NNHNY,1
9058-MJLZC,1
5173-ZXXXL,1
2141-RRYGO,1
8111-RKSPX,1
5572-ZDXHY,1
0895-LNKRC,1
8148-NLEGT,1
9277-JOOMO,1
8510-AWCXC,1
3308-JSGML,1
2516-VQRRV,1
6960-HVYXR,1
3976-BWUCK,1
2070-XYMFH,1
5680-LQOGP,1
3956-CJUST,1
0481-SUMCB,1
9152-AMKAK,1
2265-CYWIV,1
0750-EBAIU,1
4567-AKPIA,1
6980-CDGFC,1
4338-EYCER,1
7147-AYBAA,1
3070-BDOQC,1
4592-IWTJI,1
9137-UIYPG,1
2068-WWXQZ,1
2882-WDTBA,1
4021-RQSNY,1
0411-EZJZE,1
8883-ANODQ,1
2205-YMZZJ,1
2027-WKXMW,1
6982-SSHFK,1
1732-FEKLD,1
5676-CFLYY,1
1266-NZYUI,1
1937-OTUKY,1
8183-ONMXC,1
7639-LIAYI,1
2722-JMONI,1
3950-VPYJB,1
9274-UARKJ,1
8979-CAMGB,1
8745-PVESG,1
6556-DBKZF,1
9617-INGJY,1
4146-SVFUD,1
5605-IYGFG,1
3106-ULWFW,1
0575-CUQOV,1
0835-DUUIQ,1
0743-HNPFG,1
6551-ZCOTS,1
3224-DFQNQ,1
8267-ZNYVZ,1
7302-ZHMHP,1
9874-QLCLH,1
0374-IOEGQ,1
2995-YWTCD,1
9068-VPWQQ,1
2430-USGXP,1
9625-QNLUX,1
1062-LHZOD,1
6582-PLFUU,1
2988-QRAJY,1
1345-ZUKID,1
7854-EDSSA,1
5371-VYLSX,1
0310-SUCIN,1
7903-CMPEY,1
7244-QWYHG,1
9223-UCPVT,1
5275-SQEIZ,1
5126-RCXYW,1
8232-CTLKO,1
8499-BRXTD,1
6837-BJYDQ,1
1335-MXCSE,1
1423-BMPBQ,1
0419-YAAPX,1
2226-ICFDO,1
7729-JTEEC,1
6924-TDGMT,1
7785-RDVIG,1
0308-IVGOK,1
5249-QYHEX,1
0925-VYDLG,1
1114-CENIM,1
7552-KEYGT,1
5168-MSWXT,1
2397-BRLOM,1
7079-QRCBC,1
8259-DZLIZ,1
7550-WIQVA,1
8148-BPLZQ,1
2690-DVRVK,1
3776-EKTKM,1
9090-SGQXL,1
1213-NGCUN,1
5956-YHHRX,1
0641-EVBOJ,1
1000-AJSLD,1
0285-INHLN,1
0354-VXMJC,1
2626-URJFX,1
5293-WXJAK,1
6695-FRVEC,1
7446-YPODE,1
2408-WITXK,1
1241-FPMOF,1
6469-MRVET,1
9053-JZFKV,1
2235-DWLJU,1
1735-XMJVH,1
4690-PKDQG,1
2024-BASKD,1
5512-IDZEI,1
9244-ZVAPM,1
6772-WFQRD,1
8111-SLLHI,1
9798-OPFEM,1
5453-AXEPF,1
5923-GXUOC,1
0187-QSXOE,1
6837-HAEVO,1
1399-OUPJN,1
8050-WYBND,1
7439-DKZTW,1
2709-UQGNP,1
7943-RQCHR,1
5397-TUPSH,1
8961-QDZZJ,1
1057-FOGLZ,1
7901-HXJVA,1
8329-IBCTI,1
8922-LIEGH,1
8945-MUQUF,1
4837-QUSFT,1
7033-CLAMM,1
7853-GVUDZ,1
1041-RXHRA,1
5985-TBABQ,1
2239-CGBUZ,1
0378-NHQXU,1
6061-PQHMK,1
7473-ZBDSN,1
1137-DGOWI,1
9739-JLPQJ,1
5018-GWURO,1
6176-YJWAS,1
6518-PPLMZ,1
5158-RIVOP,1
4603-JANFB,1
6087-MVHJH,1
3507-GASNP,1
2200-DSAAL,1
8328-SKJNO,1
9548-LIGTA,1
9972-EWRJS,1
2195-ZRVAX,1
7089-RKVSZ,1
6941-PMGEP,1
8046-DNVTL,1
2792-LSHWX,1
4459-BBGHE,1
5465-BUBFA,1
3162-ZJZFU,1
4423-YLHDV,1
5322-TEUJK,1
8388-FYNPZ,1
6650-VJONK,1
6485-QXWWE,1
2888-ADFAO,1
7622-NXQZR,1
4455-BFSPD,1
9592-ERDKV,1
0877-SDMBN,1
2202-OUTMO,1
6188-UXBBR,1
0136-IFMYD,1
3913-RDSJZ,1
0093-EXYQL,1
3401-URHDA,1
1666-JZPZT,1
0295-QVKPB,1
3878-AVSOQ,1
8441-SHIPE,1
7716-YTYHG,1
8467-WYNSR,1
2612-RRIDN,1
5542-NKVRU,1
3874-EQOEP,1
5684-FJVYR,1
7874-ECPQJ,1
9585-KKMFD,1
7883-ROJOC,1
6347-DCUIK,1
8885-QSQBX,1
9019-QVLZD,1
7721-JXEAW,1
6285-FTQBF,1
6878-GGDWG,1
7328-ZJAJO,1
5186-PEIZU,1
4632-XJMEX,1
1843-TLSGD,1
7743-EXURX,1
9371-BITHB,1
2144-ESWKO,1
1982-FEBTD,1
8108-UXRQN,1
9026-RNUJS,1
2619-WFQWU,1
3977-QCRSL,1
1212-GLHMD,1
5712-PTIWW,1
0178-SZBHO,1
5795-BKOYE,1
1734-ZMNTZ,1
4307-KTUMW,1
4598-ZADCK,1
4712-UYOOI,1
9708-HPXWZ,1
8610-WFCJF,1
5384-ZTTWP,1
9391-DXGGG,1
8473-VUVJN,1
6645-MXQJT,1
6425-JWTDV,1
8857-CUPFQ,1
5153-RTHKF,1
4250-FDVOU,1
2115-BFTIW,1
7247-XOZPB,1
4929-XIHVW,1
6384-VMJHP,1
1064-FBXNK,1
4129-LYCOI,1
3137-LUPIX,1
6100-FJZDG,1
0022-TCJCI,1
8468-FZTOE,1
8329-UTMVM,1
5256-SKJGO,1
9835-ZIITK,1
0375-HVGXO,1
0679-TDGAK,1
5091-HFAZW,1
6595-COKXZ,1
9734-UYXQI,1
9050-IKDZA,1
1915-OAKWD,1
2382-BCKQJ,1
4807-IZYOZ,1
3665-JATSN,1
3030-ZKIWL,1
5269-NRGDP,1
0895-UADGO,1
2108-XWMPY,1
8184-WMOFI,1
0032-PGELS,1
9348-ROUAI,1
2692-AQCPF,1
4458-KVRBJ,1
7707-PYBBH,1
0447-RXSGD,1
8221-EQDGL,1
1084-MNSMJ,1
3440-JPSCL,1
7096-ZNBZI,1
5494-WOZRZ,1
8384-FZBJK,1
6696-YDAYZ,1
9957-YODKZ,1
0386-CWRGM,1
1216-JWVUX,1
0188-GWFLE,1
9039-ZVJDC,1
9514-JDSKI,1
1984-FCOWB,1
9227-UAQFT,1
1029-QFBEN,1
4958-GZWIY,1
9929-PLVPA,1
5995-WWKKG,1
7563-BIUPC,1
7956-XQWGU,1
1087-GRUYI,1
3845-JHAMY,1
7549-MYGPK,1
8100-HZZLJ,1
5520-FVEWJ,1
9809-IMGCQ,1
9261-WDCAF,1
0508-SQWPL,1
8967-SZQAS,1
2277-AXSDC,1
2833-SLKDQ,1
3703-TTEPD,1
4636-JGAAI,1
7503-ZGUZJ,1
3258-SANFR,1
2908-ZTPNF,1
2577-GVSIL,1
8399-YNDCH,1
7521-AFHAB,1
1215-VFYVK,1
4565-EVZMJ,1
4132-POCZS,1
7219-TLZHO,1
2197-OMWGI,1
8746-BFOAJ,1
8111-BKVDS,1
9885-CSMWE,1
3541-ZNUHK,1
7978-DKUQH,1
6097-EQISJ,1
7812-FZHPE,1
3682-YEUWS,1
3896-ZVNET,1
8444-WRIDW,1
8263-OKETD,1
7940-UQQUG,1
1771-OADNZ,1
6806-YDEUL,1
3723-BFBGR,1
7234-KMNRQ,1
7459-IMVYU,1
4884-TVUQF,1
3274-NSDWE,1
1689-YQBYY,1
2176-LVPNX,1
2504-DSHIH,1
5889-LFOLL,1
7845-URHJN,1
4808-YNLEU,1
9102-IAYHT,1
1658-BYGOY,1
3853-LYGAM,1
0623-EJQEG,1
3070-DVEYC,1
9036-CSKBW,1
7255-SSFBC,1
9142-KZXOP,1
4615-PIVVU,1
2645-QTLMB,1
0020-JDNXP,1
9822-OAOVB,1
1905-OEILC,1
5047-LHVLY,1
1291-CUOCY,1
0407-BDJKB,1
4139-DETXS,1
6719-FGEDO,1
8780-YRMTT,1
4195-NZGTA,1
0639-TSIQW,1
6928-ONTRW,1
6980-IMXXE,1
2296-DKZFP,1
7548-SEPYI,1
2371-JQHZZ,1
6734-GMPVK,1
5404-GGUKR,1
1698-XFZCI,1
6732-VAILE,1
7137-RYLPP,1
0999-QXNSA,1
3500-RMZLT,1
1329-VHWNP,1
7766-CLTIC,1
2408-TZMJL,1
2207-QPJED,1
1167-OYZJF,1
5433-KYGHE,1
3740-RLMVT,1
0687-ZVTHB,1
2753-JMMCV,1
1324-NLTJE,1
1591-XWLGB,1
4468-KAZHE,1
4980-URKXC,1
7976-CICYS,1
8665-UTDHZ,1
2592-SEIFQ,1
2928-HLDBA,1
5898-IGSLP,1
6746-WAUWT,1
1699-TLDLZ,1
0455-XFASS,1
5172-RKOCB,1
8404-VIOMB,1
0960-HUWBM,1
3892-NXAZG,1
6323-AYBRX,1
4199-QHJNM,1
2321-OMBXY,1
6281-FKEWS,1
2956-GGUCQ,1
8421-WZOOW,1
6469-QJKZW,1
2560-PPCHE,1
9916-AYHTC,1
1363-TXLSL,1
4710-FDUIZ,1
5649-RXQTV,1
9850-OWRHQ,1
6000-UKLWI,1
0887-WBJVH,1
3871-IKPYH,1
0268-QKIWO,1
6963-EZQEE,1
0112-QWPNC,1
4282-MSACW,1
4024-CSNBY,1
2796-NNUFI,1
4692-NNQRU,1
8336-TAVKX,1
1608-GMEWB,1
5134-IKDAY,1
9776-OJUZI,1
3511-APPBJ,1
3643-AHCFP,1
9605-WGJVW,1
2824-MYYBN,1
8580-AECUZ,1
8952-WCVCD,1
6738-ISCBM,1
6440-DKQGE,1
4486-EFAEB,1
1009-IRMNA,1
4135-FRWKJ,1
0254-FNMCI,1
0237-YFUTL,1
4311-QTTAI,1
6086-ESGRL,1
6339-TBELP,1
0320-JDNQG,1
8398-TBIYD,1
2468-SJFLM,1
7175-NTIXE,1
2276-YDAVZ,1
6207-WIOLX,1
5671-UUNXD,1
3774-VBNXY,1
9796-BPKIW,1
1585-MQSSU,1
0489-WMEMG,1
1899-VXWXM,1
5655-JSMZM,1
6925-BAYGL,1
6923-AQONU,1
4433-JCGCG,1
1414-YADCW,1
7881-INRLC,1
8436-BJUMM,1
3096-YXENJ,1
8773-HHUOZ,1
1195-OIYEJ,1
9786-IJYDL,1
7641-EUYET,1
9898-KZQDZ,1
3410-YOQBQ,1
7576-OYWBN,1
9314-QDMDW,1
5197-YPYBZ,1
8138-EALND,1
9250-WYPLL,1
6110-OHIHY,1
6549-YMFAW,1
1866-ZSLJM,1
4203-QGNZA,1
5174-ITUMV,1
9529-OFXHY,1
4992-LTJNE,1
0584-BJQGZ,1
9618-LFJRU,1
3763-GCZHZ,1
8630-FJLIB,1
0924-BJCRC,1
1245-HARPS,1
2634-HCZGT,1
3566-CAAYU,1
0678-RLHVP,1
1184-PJVDB,1
9435-JMLSX,1
1421-HCERK,1
4893-GYUJU,1
4587-NUKOX,1
2789-HQBOU,1
0225-ZORZP,1
2260-USTRB,1
3348-CFRNX,1
8058-INTPH,1
1066-JKSGK,1
2259-OUUSZ,1
5349-AZPEW,1
5600-KTXFM,1
9432-VOFYX,1
5298-GSTLM,1
8896-RAZCR,1
8374-UULRV,1
9191-MYQKX,1
5285-MVEHD,1
1400-WIVLL,1
6296-DDOOR,1
5274-XHAKY,1
2418-TPEUN,1
3669-LVWZB,1
8003-EWNDZ,1
8984-HPEMB,1
1591-MQJTP,1
7711-GQBZC,1
2000-DHJUY,1
7880-XSOJX,1
4395-PZMSN,1
0704-VCUMB,1
0323-XWWTN,1
6956-SMUCM,1
5997-OPVFA,1
1429-UYJSV,1
5982-PSMKW,1
3486-NPGST,1
4123-FCVCB,1
6859-RKMZJ,1
6397-JNZZG,1
8670-ERCJH,1
4786-UKSNZ,1
0836-SEYLU,1
1984-GPTEH,1
5360-XGYAZ,1
8065-YKXKD,1
4623-ZKHLY,1
8039-ACLPL,1
7566-DSRLQ,1
3701-SFMUH,1
5393-RXQSZ,1
5543-QDCRY,1
1374-DMZUI,1
9821-POOTN,1
9003-CPATH,1
2606-PKWJB,1
4291-HPAXL,1
9095-HFAFX,1
0089-IIQKO,1
1666-JXLKU,1
6727-IOTLZ,1
4404-HIBDJ,1
2103-ZRXFN,1
2085-JVGAD,1
2933-FILNV,1
2235-EZAIK,1
4389-UEFCZ,1
5084-OOVCJ,1
0361-HJRDX,1
4390-KYULV,1
4431-EDMIQ,1
6174-NRBTZ,1
4636-QRJKY,1
6475-VHUIZ,1
3752-CQSJI,1
8606-OEGQZ,1
7102-JJVTX,1
8382-SHQEH,1
1508-DFXCU,1
0491-KAPQG,1
8966-OIQHG,1
4102-OQUPX,1
4112-LUEIZ,1
5222-IMUKT,1
8319-QBEHW,1
1337-BOZWO,1
4900-MSOMT,1
4472-VESGY,1
3668-QPYBK,1
4310-KEDTB,1
0396-HUJBP,1
1397-XKKWR,1
8944-AILEF,1
4872-JCVCA,1
0064-YIJGF,1
4385-ZKVNW,1
2361-UPSND,1
7328-OWMOM,1
4439-JMPMT,1
8201-AAXCB,1
0487-VVUVK,1
3870-SPZSI,1
2545-LXYVJ,1
7760-OYPDY,1
7989-CHGTL,1
7973-DZRKH,1
9761-XUJWD,1
6877-TJMBR,1
5569-OUICF,1
5095-AESKG,1
0100-DUVFC,1
5090-EMGTC,1
5961-VUSRV,1
9101-NTIXF,1
2832-KJCRD,1
1229-RCALF,1
7321-PKUYW,1
2225-ZRGSG,1
2209-XADXF,1
7242-EDTYC,1
4192-GORJT,1
9944-HKVVB,1
5693-PIPCS,1
1657-DYMBM,1
5135-GRQJV,1
7739-LAXOG,1
7138-GIRSH,1
2968-SSGAA,1
8174-LNWMW,1
8010-EZLOU,1
3765-JXVKY,1
9000-PLFUZ,1
9798-DRYDS,1
1049-FYSYG,1
1304-NECVQ,1
5016-ETTFF,1
8845-LWKGE,1
4423-JWZJN,1
5848-FHRFC,1
6016-LVTJQ,1
7353-YOWFP,1
8035-PWSEV,1
0603-OLQDC,1
1373-ORVIZ,1
8485-GJCDN,1
0222-CNVPT,1
1569-TTNYJ,1
7013-PSXHK,1
4163-HFTUK,1
5780-INQIK,1
1660-HSOOQ,1
5781-BKHOP,1
6967-QIQRV,1
6986-IJDHX,1
3547-LQRIK,1
4335-BSMJS,1
3714-XPXBW,1
9896-UYMIE,1
9297-EONCV,1
5378-IKEEG,1
9921-ZVRHG,1
8910-ICHIU,1
7994-UYIVZ,1
1849-RJYIG,1
1730-ZMAME,1
0248-PGHBZ,1
9397-TZSHA,1
6598-KELSS,1
9577-WJVCQ,1
0280-XJGEX,1
2832-SCUCO,1
4257-GAESD,1
7427-AUFPY,1
8660-BUETV,1
0093-XWZFY,1
5032-USPKF,1
3070-FNFZQ,1
2138-VFAPZ,1
9600-NAXZN,1
5624-BQSSA,1
0709-TVGUR,1
8819-IMISP,1
2808-CHTDM,1
8919-FYFQZ,1
5442-UTCVD,1
9837-FWLCH,1
4825-XJGDM,1
5837-LXSDN,1
3648-GZPHF,1
2164-SOQXL,1
9236-NDUCW,1
8325-QRPZR,1
1134-YWTYF,1
4274-DRSQT,1
5940-AHUHD,1
9489-DEDVP,1
0772-GYEQQ,1
7526-BEZQB,1
7590-VHVEG,1
8118-TJAFG,1
0234-TEVTT,1
3415-TAILE,1
3030-YZADT,1
9294-TDIPC,1
1596-OQSPS,1
6942-LBFDP,1
7527-QNRUS,1
4926-UMJZD,1
0151-ONTOV,1
7794-JASDG,1
8199-ZLLSA,1
5375-XLDOF,1
7777-UNYHB,1
2359-QWQUL,1
8565-CLBZW,1
3167-SNQPL,1
1226-JZNKR,1
6476-YHMGA,1
2277-BKJKN,1
2274-XUATA,1
7638-QVMVY,1
0071-NDAFP,1
7318-EIVKO,1
1301-LOPVR,1
8217-QYOHV,1
0817-HSUSE,1
9233-PSYHO,1
0781-LKXBR,1
4403-BWPAY,1
2858-MOFSQ,1
6743-HHQPF,1
1222-KJNZD,1
1013-QCWAM,1
7503-EPSZW,1
9513-DXHDA,1
5046-NUHWD,1
2834-JRTUA,1
5740-YHGTW,1
8242-PDSGJ,1
0480-BIXDE,1
2589-AYCRP,1
6818-DJXAA,1
0626-QXNGV,1
2880-FPNAE,1
1971-DTCZB,1
3090-HAWSU,1
2384-OVPSA,1
4612-SSVHJ,1
6244-BESBM,1
8812-ZRHFP,1
3474-BAFSJ,1
5240-IJOQT,1
9173-IVZVP,1
8242-SOQUO,1
0804-YGEQV,1
2040-LDIWQ,1
8218-FFJDS,1
7706-DZNKK,1
0607-MVMGC,1
6862-CQUMB,1
4929-ROART,1
8466-PZBLH,1
4797-MIWUM,1
4670-TABXH,1
4910-AQFFX,1
6993-OHLXR,1
1197-BVMVG,1
8152-UOBNY,1
5567-WSELE,1
8198-RKSZG,1
4929-BSTRX,1
2719-BDAQO,1
0257-ZESQC,1
8091-TTVAX,1
5565-FILXA,1
4231-LZUYM,1
3884-HCSWG,1
9350-VLHMB,1
4999-IEZLT,1
3113-IWHLC,1
4373-VVHQL,1
7595-EHCDL,1
2632-UCGVD,1
0744-GKNGE,1
6656-JWRQX,1
6671-NGWON,1
0142-GVYSN,1
1260-TTRXI,1
3307-TLCUD,1
3521-MNKLV,1
2604-XVDAM,1
5171-EPLKN,1
0613-WUXUM,1
3318-OSATS,1
1024-KPRBB,1
7233-DRTRF,1
2057-BOYKM,1
0550-DCXLH,1
9853-JFZDU,1
0577-WHMEV,1
6088-BXMRG,1
7156-MHUGY,1
1153-GNOLC,1
2621-UDNLU,1
2898-LSJGD,1
3066-RRJIO,1
5699-BNCAS,1
4373-MAVJG,1
8705-WZCYL,1
7377-DMMRI,1
5192-EBGOV,1
1636-NTNCO,1
2207-OBZNX,1
7831-QGOXH,1
4369-NYSCF,1
3810-PJUHR,1
5649-VUKMC,1
1455-ESIQH,1
4896-CPRPF,1
4079-ULGFR,1
3156-QLHBO,1
8631-XVRZL,1
9360-OMDZZ,1
6352-TWCAU,1
5656-JAMLX,1
0219-YTZUE,1
4488-PSYCG,1
5781-RFZRP,1
0827-ITJPH,1
5299-RULOA,1
8332-OSJDW,1
7558-IMLMT,1
2452-MRMZF,1
3685-YLCMQ,1
4508-OEBEY,1
2391-IPLOP,1
1689-MRZQR,1
2920-RNCEZ,1
6029-WTIPC,1
2372-HWUHI,1
0401-WDBXM,1
4369-HTUIF,1
5981-ZVXOT,1
7126-RBHSD,1
5879-HMFFH,1
7103-IPXPJ,1
5859-HZYLF,1
5233-GEEAX,1
9688-YGXVR,1
8705-DWKTI,1
6851-WEFYX,1
2424-WVHPL,1
3621-CEOVK,1
8450-UYIBU,1
2550-AEVRU,1
5248-RPYWW,1
0354-WYROK,1
8017-LXHFA,1
0239-OXEXL,1
1140-UKVZG,1
4023-RTIQM,1
6859-QNXIQ,1
9359-JANWS,1
7129-AZJDE,1
3316-UWXUY,1
2685-SREOM,1
3627-FCRDW,1
9448-REEVD,1
0603-TPMIB,1
9063-ZGTUY,1
2252-ISRNH,1
2346-DJQTB,1
8229-MYEJZ,1
4979-HPRFL,1
5387-ASZNZ,1
1193-RTSLK,1
6653-CBBOM,1
8313-AFGBW,1
1803-BGNBD,1
6120-RJKLU,1
7718-RXDGG,1
2302-ANTDP,1
3450-WXOAT,1
3178-CIFOT,1
7049-GKVZY,1
0068-FIGTF,1
3255-GRXMG,1
4976-LNFVV,1
6574-MCOEH,1
7399-QHBJS,1
0734-OXWBT,1
2615-YVMYX,1
0259-GBZSH,1
8016-NCFVO,1
0942-KOWSM,1
2234-XADUH,1
5583-EJXRD,1
2674-MIAHT,1
5271-DBYSJ,1
6705-LNMDD,1
6549-NNDYT,1
4324-BZCKL,1
9210-IAHGH,1
4521-YEEHE,1
6127-IYJOZ,1
5989-PGKJB,1
2538-OIMXF,1
9837-BMCLM,1
9253-QXKBE,1
6400-BWQKW,1
6008-NAIXK,1
5160-UXJED,1
2911-IJORQ,1
1963-SVUCV,1
4849-PYRLQ,1
7094-MSZAO,1
0236-HFWSV,1
0378-CJKPV,1
3012-VFFMN,1
5915-DGNVC,1
3617-XLSGQ,1
6390-DSAZX,1
5896-NPFWW,1
6927-WTFIV,1
7197-VOJMM,1
2229-VWQJH,1
6549-BTYPG,1
8182-PNAGI,1
4559-UWIHT,1
8676-OOQEJ,1
3753-TSEMP,1
4010-YLMVT,1
3653-NCRDJ,1
9081-WWXKP,1
1231-YNDEK,1
5018-HEKFO,1
6402-SSEJG,1
3951-NJCVI,1
0504-HHAPI,1
5562-YJQGT,1
9675-ICXCT,1
9801-GDWGV,1
8755-IWJHN,1
2380-DAMQP,1
8439-LTUGF,1
7153-CHRBV,1
4525-VZCZG,1
6416-JNVRK,1
0674-GCDXG,1
6838-YAUVY,1
3834-XUIFC,1
3230-JCNZS,1
2359-KLTEK,1
9237-HQITU,1
8076-FEZKJ,1
8637-XJIVR,1
5445-UTODQ,1
8780-IHCRN,1
0902-RFHOF,1
3955-JBZZM,1
3318-NMQXL,1
3384-CTMSF,1
8908-SLFCJ,1
5286-YHCVC,1
4495-LHSSK,1
1619-YWUBB,1
2558-BUOZZ,1
2362-IBOOY,1
8008-OTEZX,1
5914-GXMDA,1
6575-SUVOI,1
9490-DFPMD,1
4967-WPNCF,1
9817-APLHW,1
2428-HYUNX,1
6295-OSINB,1
4124-MMETB,1
4201-JMNGR,1
4548-SDBKE,1
4518-FZBSX,1
7089-IVVAZ,1
0014-BMAQU,1
4647-XXZAM,1
0975-UYDTX,1
6266-QHOJZ,1
2400-XIWIO,1
3249-VHRIP,1
5960-WPXQM,1
5835-BEQEU,1
2387-KDZQY,1
9170-CCKOU,1
8714-CTZJW,1
4702-IOQDC,1
4193-ORFCL,1
4488-KQFDT,1
6229-LSCKB,1
3166-PNEOF,1
7544-ZVIKX,1
4318-RAJVY,1
4918-FYJNT,1
3258-ZKPAI,1
1271-SJBGZ,1
7554-AKDQF,1
6050-IJRHS,1
7384-GHBPI,1
5356-RHIPP,1
9530-EHPOH,1
3280-NMUVX,1
0637-UBJRP,1
3597-YASZG,1
5886-VLQVU,1
4123-DVHPH,1
1641-BYBTK,1
2889-FPWRM,1
5597-GLBUC,1
6016-NXBNJ,1
1101-SSWAG,1
4523-WXCEF,1
8277-RVRSV,1
3946-MHCZW,1
3533-UVMOM,1
3882-IYOIJ,1
6617-WLBQC,1
2511-ALLCS,1
6621-NRZAK,1
1728-BQDMA,1
3071-VBYPO,1
5647-FXOTP,1
5073-WXOYN,1
7740-BTPUX,1
4789-KWMXN,1
6235-VDHOM,1
4816-JBHOV,1
4859-ZSRDZ,1
9885-MFVSU,1
3115-JPJDD,1
6987-XQSJT,1
3133-PZNSR,1
5642-MHDQT,1
1251-STYSZ,1
2273-QCKXA,1
1492-KGETH,1
2786-GCDPI,1
0526-SXDJP,1
8565-WUXZU,1
7511-YMXVQ,1
3565-UNOCC,1
2305-MRGLV,1
3916-NRPAP,1
1352-VHKAJ,1
2754-VDLTR,1
5999-LCXAO,1
8878-RYUKI,1
9743-DQKQW,1
5117-IFGPS,1
2050-ONYDQ,1
0334-ZFJSR,1
7860-KSUGX,1
6921-OZMFH,1
9606-PBKBQ,1
0567-XRHCU,1
1544-JJMYL,1
5141-ZUVBH,1
1724-IQWNM,1
5777-KJIRB,1
4452-QIIEB,1
6635-CPNUN,1
9670-BPNXF,1
4391-RESHN,1
9919-KNPOO,1
0326-VDYXE,1
9570-KYEUA,1
6695-AMZUF,1
8263-QMNTJ,1
3824-RHKVR,1
3645-DEYGF,1
0969-RGKCU,1
7140-ADSMJ,1
3717-LNXKW,1
7030-NJVDP,1
3186-BAXNB,1
8098-LLAZX,1
6551-VLJMV,1
0530-IJVDB,1
6394-HHHZM,1
2404-JIBFC,1
5884-GCYMI,1
5868-CZJDR,1
8958-JPTRR,1
5028-GZLDO,1
1794-HBQTJ,1
4077-CROMM,1
4183-MYFRB,1
7989-AWGEH,1
8917-SZTTJ,1
6259-WJQLC,1
2272-QAGFO,1
8571-ZCMCX,1
1042-HFUCW,1
9348-YVOMK,1
4554-YGZIH,1
5950-AAAGJ,1
7537-RBWEA,1
0274-JKUJR,1
2034-CGRHZ,1
4195-SMMNX,1
4109-CYRBD,1
9419-IPPBE,1
7963-GQRMY,1
7660-HDPJV,1
6481-LXPWL,1
4063-EIKNQ,1
9470-XCCEM,1
0929-PECLO,1
2460-FPSYH,1
6313-GIDIT,1
3557-HTYWR,1
6035-BXTTY,1
4111-BNXIF,1
9087-EYCPR,1
6221-AVQYL,1
9281-OFDMF,1
2446-BEGGB,1
9541-ZPSEA,1
9108-EJFJP,1
6457-GIRWB,1
5522-NYKPB,1
8200-KLNYW,1
1088-CNNKB,1
4720-VSTSI,1
5087-SUURX,1
6115-ZTBFQ,1
3192-NQECA,1
2856-NNASM,1
5055-BRMNE,1
8868-WOZGU,1
5626-MGTUK,1
0731-EBJQB,1
2894-QOJRX,1
2979-SXESE,1
1075-BGWOH,1
9451-WLYRI,1
9229-RQABD,1
5317-FLPJF,1
0572-ZJKLT,1
2661-GKBTK,1
5287-QWLKY,1
4654-DLAMQ,1
6350-XFYGW,1
3755-JBMNH,1
6769-DCQLI,1
9350-ZXYJC,1
0945-TSONX,1
7989-VCQOH,1
6614-VBEGU,1
5568-DMXZS,1
2580-ATZSQ,1
3597-MVHJT,1
8374-XGEJJ,1
5131-PONJI,1
9823-EALYC,1
5099-BAILX,1
8823-RLPWL,1
5173-WXOQV,1
5569-KGJHX,1
7401-RUBNK,1
9889-TMAHG,1
4646-QZXTF,1
6257-DTAYD,1
4137-BTIKL,1
0756-MPZRL,1
5832-EXGTT,1
8901-UPRHR,1
2363-BJLSL,1
7627-JKIAZ,1
1442-OKRJE,1
3212-KXOCR,1
0848-ZGQIJ,1
4923-ADWXJ,1
8883-GRDWQ,1
9150-KPBJQ,1
5981-ITEMU,1
9609-BENEA,1
5876-QMYLD,1
3244-CQPHU,1
0927-CNGRH,1
2672-HUYVI,1
7321-KKSDU,1
2961-VNFKL,1
3525-DVKFN,1
0516-VRYBW,1
7110-BDTWG,1
8496-DMZUK,1
3158-MOERK,1
9763-PDTKK,1
0031-PVLZI,1
4234-XTNEA,1
3866-MDTUB,1
5399-ZIMKF,1
6166-YIPFO,1
7698-YFGEZ,1
0564-JJHGS,1
3859-CVCET,1
2853-CWQFQ,1
0436-TWFFZ,1
9522-ZSINC,1
0661-WCQNQ,1
7025-IWFHT,1
8065-QBYTO,1
3278-FSIXX,1
9101-BWFSS,1
8268-YDIXR,1
5868-YTYKS,1
1897-OKVMW,1
5954-BDFSG,1
6229-UOLQL,1
8725-JEDFD,1
3351-NGXYI,1
0030-FNXPP,1
6047-SUHPR,1
2272-UOINI,1
2208-NQBCT,1
2176-OSJUV,1
8100-PNJMH,1
0228-MAUWC,1
2324-AALNO,1
7398-HPYZQ,1
6591-QGOYB,1
3999-QGRJH,1
8874-EJNSR,1
8107-KNCIM,1
7975-TZMLR,1
7951-VRDVK,1
2450-ZKEED,1
3566-VVORZ,1
5795-KTGUD,1
7945-PRBVF,1
8087-LGYHQ,1
3957-HHLMR,1
3427-GGZZI,1
8608-OZTLB,1
5899-MQZZL,1
2651-ZCBXV,1
2483-XSSMZ,1
9489-JMTTN,1
2790-XUYMV,1
0487-CRLZF,1
3719-TDVQB,1
9323-HGFWY,1
1580-BMCMR,1
2167-FQSTQ,1
6917-YACBP,1
6869-FGJJC,1
5569-IDSEY,1
9971-ZWPBF,1
5389-FFVKB,1
9667-EQRXU,1
4844-JJWUY,1
4328-VUFWD,1
6351-SCJKT,1
5039-LZRQT,1
7814-LEEVE,1
1685-VAYJF,1
7665-NKLAV,1
9661-JALZV,1
9700-ZCLOT,1
4079-WWQQQ,1
6437-UKHMV,1
0670-ANMUU,1
7245-NIIWQ,1
7173-TETGO,1
4749-OJKQU,1
5906-CVLHP,1
9625-QSTYE,1
5965-GGPRW,1
9025-AOMKI,1
7248-VZQLC,1
8681-ICONS,1
6302-JGYRJ,1
6633-MPWBS,1
4641-FROLU,1
4342-HFXWS,1
6078-VESFR,1
4304-XUMGI,1
5022-KVDQT,1
5233-AOZUF,1
4622-YNKIJ,1
8624-GIOUT,1
3349-ANQNH,1
4853-OITSN,1
2957-LOLHO,1
3211-ILJTT,1
6629-LADHQ,1
5663-QBGIS,1
9620-QJREV,1
7765-LWVVH,1
1150-FTQGN,1
8414-OOEEL,1
1891-UAWWU,1
1323-OOEPC,1
0786-VSSUD,1
9477-LGWQI,1
0330-BGYZE,1
8490-BXHEO,1
5201-FRKKS,1
6461-SZMCV,1
2111-DWYHN,1
3173-WSSUE,1
5976-JCJRH,1
5481-NTDOH,1
5902-WBLSE,1
9943-VSZUV,1
5451-YHYPW,1
6614-FHDBO,1
8807-ARQET,1
6732-FZUGP,1
3298-QEICA,1
3751-KTZEL,1
4012-ZTHBR,1
6253-WRFHY,1
7188-CBBBA,1
3217-FZDMN,1
6537-OTKMY,1
7730-IUTDZ,1
1099-BTKWT,1
6599-SFQVE,1
9396-ZSFLL,1
5624-RYAMH,1
2082-OJVTK,1
2650-GYRYL,1
2636-SJDOU,1
1845-ZLLIG,1
2108-GLPQB,1
6619-RPLQZ,1
9093-FPDLG,1
8626-XHBIE,1
5214-NLTIT,1
9257-AZMTZ,1
7108-DGVUU,1
7048-GXDAY,1
7636-XUHWW,1
2267-WTPYD,1
6467-CHFZW,1
2233-FAGXV,1
3580-HYCSP,1
3850-OKINF,1
1830-GGFNM,1
2479-BRAMR,1
3452-SRFEG,1
1685-BQULA,1
6828-HMKWP,1
3198-VELRD,1
1682-VCOIO,1
0880-TKATG,1
3635-JBPSG,1
1579-KLYDT,1
7537-CBQUZ,1
7136-RVDTZ,1
9174-IHETN,1
2683-BPJSO,1
7878-JGDKK,1
4763-PGDPO,1
6827-IEAUQ,1
6994-KERXL,1
8992-OBVDG,1
7113-HIPFI,1
2223-GDSHL,1
0471-LVHGK,1
6040-CGACY,1
3318-ISQFQ,1
0508-OOLTO,1
6861-OKBCE,1
6900-PXRMS,1
7469-LKBCI,1
2430-RRYUW,1
4009-ALQFH,1
9170-ARBTB,1
4730-AWNAU,1
9373-WSLOY,1
6394-MFYNG,1
0281-CNTZX,1
5827-MWCZK,1
8096-LOIST,1
0191-ZHSKZ,1
3733-LSYCE,1
9385-EHGDO,1
3208-YPIOE,1
1104-TNLZA,1
9242-TKFSV,1
3276-HDUEG,1
3374-TTZTK,1
5006-MXVRN,1
8292-FRFZQ,1
9281-PKKZE,1
5777-ZPQNC,1
2122-SZZZD,1
1442-BQPVU,1
3663-MITLP,1
0810-DHDBD,1
7030-FZTFM,1
1355-KUSBG,1
7802-EFKNY,1
3521-SYVOR,1
7508-KBIMB,1
2181-TIDSV,1
7321-ZNSLA,1
4145-UQXUQ,1
9475-NNDGC,1
5176-LMJXE,1
5315-CKEQK,1
9029-FEGVJ,1
2697-NQBPF,1
8106-GWQOK,1
2091-RFFBA,1
6402-ZFPPI,1
4671-LXRDQ,1
9773-PEQBZ,1
2774-LVQUS,1
7762-URZQH,1
7825-ECJRF,1
0064-SUDOG,1
3640-JQGJG,1
4676-MQUEA,1
3413-BMNZE,1
1658-XUHBX,1
6898-RBTLU,1
8544-JNBOX,1
7339-POGZN,1
4781-ZXYGU,1
2074-GKOWZ,1
9818-XQCUV,1
9330-IJWIO,1
2673-CXQEU,1
5913-INRQV,1
6479-VDGRK,1
8543-MSDMF,1
2982-VPSGI,1
2007-QVGAW,1
4589-IUAJB,1
1452-VOQCH,1
1769-GRUIK,1
9987-LUTYD,1
8661-BOYNW,1
1641-RQDAY,1
5196-WPYOW,1
3935-TBRZZ,1
5044-LRQAQ,1
5732-IKGQH,1
6616-AALSR,1
3797-FKOGQ,1
1401-FTHFQ,1
8670-MEFCP,1
0301-KOBTQ,1
6692-YQHXC,1
4280-DLSHD,1
7319-VENRZ,1
0254-WWRKD,1
2607-DHDAK,1
2826-DXLQO,1
1930-BZLHI,1
0305-SQECB,1
2851-STERV,1
3999-WRNGR,1
4795-KTRTH,1
8648-PFRMP,1
2519-FAKOD,1
2897-DOVND,1
2433-KMEAS,1
4776-XSKYQ,1
9282-IZGQK,1
0973-KYVNF,1
4236-UJPWO,1
3336-JORSO,1
3764-MNMOI,1
7551-DACSP,1
6410-LEFEN,1
7285-KLOTR,1
5816-QVHRX,1
6685-XSHHU,1
7225-CBZPL,1
0774-IFUVM,1
1686-STUHN,1
7824-PANSQ,1
8123-QBNAZ,1
3296-SILRA,1
5993-BQHEA,1
3814-MLAXC,1
3678-MNGZX,1
4662-EKDPQ,1
4191-XOVOM,1
6103-QCKFX,1
0013-SMEOE,1
6907-CQGPN,1
2314-TNDJQ,1
3521-HTQTV,1
5515-IDEJJ,1
1371-OJCEK,1
8802-UNOJF,1
5268-DSMNQ,1
2682-KEVRP,1
6797-UCJHZ,1
6356-ELRKD,1
3739-YBWAB,1
6048-NJXHX,1
2272-JKMSI,1
6917-IAYHD,1
6366-ZGQGL,1
6242-FEGFD,1
5322-ZSMZY,1
8149-AIQCG,1
6480-YAGIY,1
0906-QVPMS,1
2905-KFQUV,1
4475-NVTLU,1
9046-JBFWA,1
7159-FVYPK,1
6211-WWLTF,1
1015-JPFYW,1
6339-DKLMK,1
3873-NFTGI,1
3720-DBRWL,1
6331-EWIEB,1
5067-DGXLL,1
1527-SXDPN,1
2829-HYVZP,1
5396-IZEPB,1
4501-VCPFK,1
5879-SESNB,1
4664-NJCMS,1
4285-GYRQC,1
2951-QOQTK,1
4083-EUGRJ,1
7758-XKCBS,1
9793-WECQC,1
5067-XJQFU,1
8966-KZXXA,1
9495-SKLKD,1
7153-OANIO,1
3777-XROBG,1
8313-NDOIA,1
2710-WYVXG,1
7426-RHZGU,1
1663-MHLHE,1
4854-CIDCF,1
2592-HODOV,1
7017-VFHAY,1
4553-DVPZG,1
7133-VBDCG,1
4707-YNOQA,1
2077-DDHJK,1
7781-HVGMK,1
5839-SUYVZ,1
2782-JEEBU,1
8917-FAEMR,1
3957-LXOLK,1
9754-CLVZW,1
7168-HDQHG,1
4393-OBCRR,1
9524-EGPJC,1
6252-DFGTK,1
8559-WNQZS,1
1209-VFFOC,1
7274-RTAPZ,1
4931-TRZWN,1
6217-TOWGS,1
1513-XNPPH,1
9224-VTYID,1
4817-QRJSX,1
0533-UCAAU,1
7967-HYCDE,1
9591-YVTEB,1
7325-ENZFI,1
0019-GFNTW,1
0784-ZQJZX,1
9391-EOYLI,1
9259-PACGQ,1
3452-GWUIN,1
3128-YOVTD,1
5736-YEJAX,1
8069-RHUXK,1
3806-DXQOM,1
2080-GKCWQ,1
4909-JOUPP,1
5206-XZZQI,1
6124-ACRHJ,1
7706-YLMQA,1
4143-HHPMK,1
6261-LHRTG,1
6959-GQEGV,1
1171-TYKUR,1
7854-FOKSF,1
9938-EKRGF,1
8215-NGSPE,1
2812-SFXMJ,1
1502-XFCVR,1
5195-KPUNQ,1
4760-XOHVN,1
8208-EUMTE,1
1964-SVLEA,1
5937-EORGB,1
3865-QBWSJ,1
7416-CKTEP,1
3518-FSTWG,1
0122-OAHPZ,1
9554-DFKIC,1
6198-ZFIOJ,1
9052-VKDUW,1
1732-VHUBQ,1
1269-FOYWN,1
4513-CXYIX,1
0810-BDHAW,1
1710-RCXUS,1
6794-HKIAJ,1
9134-CEQMF,1
4573-JKNAE,1
2862-PFNIK,1
8515-OCTJS,1
2806-MLNTI,1
9601-BRXPO,1
9506-UXUSK,1
1474-JUWSM,1
1757-TCATG,1
7921-LMDFQ,1
6734-JDTTV,1
9894-QMIMJ,1
2642-DTVCO,1
6116-RFVHN,1
2150-UWTFY,1
4989-LIXVT,1
8882-TLVRW,1
2642-MAWLJ,1
8189-DUKMV,1
1536-YHDOE,1
4626-GYCZP,1
4915-BFSXL,1
2311-QYMUQ,1
7868-BGSZA,1
9552-TGUZV,1
3612-YUNGG,1
4549-ZDQYY,1
0813-TAXXS,1
7044-YAACC,1
6624-JDRDS,1
2262-SLNVK,1
7298-IZWLY,1
4080-IIARD,1
4566-GOLUK,1
9178-JHUVJ,1
1240-HCBOH,1
8097-OMULG,1
6997-UVGOX,1
8495-LJDFO,1
3194-ORPIK,1
2402-TAIRZ,1
1766-GKNMI,1
4193-IBKSW,1
3488-PGMQJ,1
7658-UYUQS,1
1635-FJFCC,1
4159-NAAIX,1
0898-XCGTF,1
0621-CXBKL,1
3709-OIJEA,1
0224-NIJLP,1
3915-ODIYG,1
0564-MUUQK,1
1342-JPNKI,1
3345-JHUEO,1
3936-QQFLL,1
4913-EHYUI,1
2120-SMPEX,1
8200-LGKSR,1
0487-RPVUM,1
3026-ATZYV,1
9367-WXLCH,1
9258-CNWAC,1
5020-ZSTTY,1
0744-BIKKF,1
6267-DCFFZ,1
1958-RNRKS,1
5973-EJGDP,1
5934-RMPOV,1
4043-MKDTV,1
3441-CGZJH,1
5480-TBGPH,1
7005-CYUIL,1
8879-ZKJOF,1
9903-LYSAB,1
7008-LZVOZ,1
1383-EZRWL,1
7083-YNSKY,1
2105-PHWON,1
2927-QRRQV,1
8901-HJXTF,1
0867-MKZVY,1
3009-JWMPU,1
7078-NVFAM,1
5647-URDKA,1
5453-YBTWV,1
3703-VAVCL,1
0233-FTHAV,1
3727-JEZTU,1
0177-PXBAT,1
4220-TINQT,1
6161-UUUTA,1
6976-BWGLQ,1
0620-XEFWH,1
7551-JOHTI,1
2180-DXNEG,1
4558-CGYCZ,1
2499-AJYUA,1
6867-ACCZI,1
9518-XXBXE,1
8999-BOHSE,1
2074-GUHPQ,1
0872-CASZJ,1
5038-ETMLM,1
2819-GWENI,1
2027-DNKIV,1
4644-OBGFZ,1
1216-BGTSP,1
4833-QTJNO,1
3197-NNYNB,1
9481-WHGWY,1
5115-SQAAU,1
2799-TSLAG,1
1298-PHBTI,1
7781-EWARA,1
7018-FPXHH,1
2270-CHBFN,1
8791-GFXLZ,1
2725-KXXWT,1
3943-KDREE,1
5364-XYIRR,1
5019-GQVCR,1
2616-UUTFK,1
2990-HWIML,1
3319-DWOEP,1
5536-SLHPM,1
1723-HKXJQ,1
3990-QYKBE,1
7625-XCQRH,1
9880-TDQAC,1
9251-WNSOD,1
0557-ASKVU,1
9114-VEPUF,1
7813-ZGGAW,1
5345-BMKWB,1
0562-KBDVM,1
9955-QOPOY,1
1031-IIDEO,1
7673-LPRNY,1
4723-BEGSG,1
8329-GWVPJ,1
8782-LKFPK,1
7463-IFMQU,1
7421-ZLUPA,1
8898-KASCD,1
5843-TTHGI,1
0111-KLBQG,1
9571-EDEBV,1
0378-TOVMS,1
9625-RZFUK,1
3397-AVTKU,1
7621-VPNET,1
1535-VTJOQ,1
9995-HOTOH,1
4732-RRJZC,1
6038-GCYEC,1
0129-QMPDR,1
4134-BSXLX,1
9489-UTFKA,1
1251-KRREG,1
0336-PIKEI,1
1928-BXYIV,1
3873-WOSBC,1
5198-HQAEN,1
7779-ORAEL,1
6319-QSUSR,1
8313-KTIHG,1
3243-ZHOHY,1
1237-WIYYZ,1
5510-BOIUJ,1
7813-TKCVO,1
6352-GIGGQ,1
4911-BANWH,1
5955-EPOAZ,1
6300-BWMJX,1
3933-DQPWX,1
4322-RCYMT,1
3638-DIMPH,1
3486-KHMLI,1
7379-POKDZ,1
2133-TSRRM,1
0468-YRPXN,1
4795-WRNVT,1
4290-BSXUX,1
3545-CNWRG,1
6131-FOYAS,1
5515-RUGKN,1
7799-DSEWS,1
7665-TOALD,1
6629-CZTTH,1
7811-JIVPF,1
4000-VGMQP,1
1810-BOHSY,1
4482-FTFFX,1
6728-VOIFY,1
3791-LGQCY,1
3694-DELSO,1
4445-KWOKW,1
6463-HHXJR,1
7016-NVRIC,1
5899-OUVKV,1
4283-IVYCI,1
6579-JPICP,1
2842-JTCCU,1
9732-OUYRN,1
1684-FLBGS,1
5054-IEXZT,1
8865-TNMNX,1
5549-ZGHFB,1
5334-JLAXU,1
3091-FYHKI,1
6147-CBCRA,1
7826-VVKWT,1
5956-VKDTT,1
4749-VFKVB,1
9650-VBUOG,1
1891-QRQSA,1
0993-OSGPT,1
4097-YODCF,1
5130-IEKQT,1
6380-ARCEH,1
0365-BZUWY,1
6353-BRMMA,1
0384-LPITE,1
1557-EMYVT,1
5590-BYNII,1
8042-RNLKO,1
5914-DVBWJ,1
6519-CFDBX,1
3417-TSCIC,1
3606-TWKGI,1
2921-XWDJH,1
0661-KQHNK,1
3707-LRWZD,1
6103-LIANB,1
8062-YBDOE,1
3146-JTQHR,1
5208-HFSBT,1
0670-KDOMA,1
5150-LJNSR,1
4295-YURET,1
9479-HYNYL,1
2933-XEUJM,1
8708-XPXHZ,1
2303-PJYHN,1
7161-DFHUF,1
1106-HRLKZ,1
5449-FIBXJ,1
5392-AKEMH,1
5150-ITWWB,1
5494-HECPR,1
9031-ZVQPT,1
8174-TBVCF,1
5232-NXPAY,1
2186-QZEYA,1
6855-VLGOS,1
8350-NYMVI,1
5774-XZTQC,1
1696-HXOWK,1
1142-IHLOO,1
3253-HKOKL,1
9136-ALYBR,1
2058-DCJBE,1
4881-JVQOD,1
1779-PWPMG,1
8456-QDAVC,1
5261-QSHQM,1
9110-HSGTV,1
2228-BZDEE,1
6345-ULYRW,1
1045-LTCYT,1
2322-VCZHZ,1
4343-EJVQB,1
3572-UUHRS,1
0988-AADSA,1
7568-PODML,1
3389-KTRXV,1
0129-KPTWJ,1
3376-BMGFE,1
6682-VCIXC,1
5832-XKAES,1
2519-LBNQL,1
5043-TRZWM,1
9065-ZCPQX,1
4821-SJHJV,1
2863-IMQDR,1
2789-CZANW,1
3131-NWVFJ,1
0928-XUTSN,1
3452-FLHYD,1
9526-JAWYF,1
2831-EBWRN,1
6961-MJKBO,1
5707-ZMDJP,1
1304-BCCFO,1
1679-JRFBR,1
6893-ODYYE,1
6339-YPSAH,1
0505-SPOOW,1
8861-HGGKB,1
7291-CDTMJ,1
6481-OGDOO,1
3457-PQBYH,1
4472-LVYGI,1
6521-YYTYI,1
5231-FIQPA,1
5931-FLJJF,1
7137-NAXML,1
5756-OZRIO,1
2717-HVIZY,1
9412-GHEEC,1
2100-BDNSN,1
8429-XIBUM,1
4450-MDZFX,1
4531-AUZNK,1
2232-DMLXU,1
1518-VOWAV,1
2003-CKLOR,1
4701-LKOZD,1
7577-SWIFR,1
6609-MXJHJ,1
7613-LLQFO,1
7055-VKGDA,1
1624-NALOJ,1
0107-YHINA,1
8859-AXJZP,1
6179-GJPSO,1
6994-ORCWG,1
3214-IYUUQ,1
1352-HNSAW,1
1371-WEPDS,1
9057-MSWCO,1
6810-VCAEX,1
4759-TRPLW,1
4654-GGUII,1
7596-IIWYC,1
3190-ITQXP,1
1930-QPBVZ,1
0156-FVPTA,1
2911-UREFD,1
3275-RHRNE,1
7297-DVYGA,1
4132-KALRO,1
6559-PDZLR,1
7483-IQWIB,1
8180-AKMJV,1
6906-ANDWJ,1
5451-MHQOF,1
8884-FEEWR,1
5515-AKOAJ,1
7872-RDDLZ,1
4418-LZMSV,1
2361-FJWNO,1
6185-TASNN,1
2253-KPMNB,1
6615-NGGZJ,1
8006-PYCSW,1
1755-RMCXH,1
4238-JSSWH,1
2378-YIZKA,1
8205-VSLRB,1
0946-FKYTX,1
9121-PHQSR,1
0691-IFBQW,1
8481-YYXWG,1
2632-IVXVF,1
7969-AULMZ,1
2267-FPIMA,1
8434-VGEQQ,1
1456-TWCGB,1
5027-XWQHA,1
3683-QKIUE,1
2856-HYAPG,1
5393-HJZSM,1
8644-XYTSV,1
3748-FVMZZ,1
9415-ZNBSX,1
7025-WCBNE,1
8226-BXGES,1
1098-TDVUQ,1
7317-GGVPB,1
6701-DHKWQ,1
1791-PQHBB,1
9600-UDOPK,1
5502-RLUYV,1
1409-PHXTF,1
7629-WFGLW,1
8364-TRMMK,1
4484-CGXFK,1
6478-HRRCZ,1
2599-CIPQE,1
8975-SKGRX,1
9103-CXVOK,1
3656-TKRVZ,1
0384-RVBPI,1
4657-FWVFY,1
9509-MPYOD,1
4114-QMKVN,1
9572-MTILT,1
6656-GULJQ,1
9919-YLNNG,1
2999-AANRQ,1
8752-IMQOS,1
4919-MOAVT,1
3079-BCHLN,1
0506-YLVKJ,1
5130-YPIRV,1
7661-CPURM,1
5493-SDRDQ,1
1428-IEDPR,1
6368-TZZDT,1
5135-RDDQL,1
7966-YOTQW,1
1345-GKDZZ,1
4988-IQIGL,1
8097-VBQTZ,1
3744-ZRRDZ,1
7929-DMBCV,1
3099-OONVS,1
4462-CYWMH,1
1469-LBJQJ,1
6298-QDFNH,1
4424-TKOPW,1
0771-WLCLA,1
4003-OCTMP,1
4994-OBRSZ,1
0967-BMLBD,1
0928-JMXNP,1
4811-JBUVU,1
8242-JSVBO,1
9127-QRZMH,1
4878-BUNFV,1
7598-UAASY,1
9135-MGVPY,1
5857-TYBCJ,1
0306-JAELE,1
9507-HSMMZ,1
7977-HXJKU,1
0027-KWYKW,1
2969-QWUBZ,1
4291-SHSBH,1
0206-OYVOC,1
7905-NJMXS,1
6177-PEVRA,1
8042-JVNFH,1
9084-OAYKL,1
1591-NFNLQ,1
8267-KFGYD,1
3778-FOAQW,1
6985-HAYWX,1
0902-XKXPN,1
8205-OTCHB,1
8224-UAXBZ,1
8963-MQVYN,1
2521-NPUZR,1
8612-GXIDD,1
0754-EEBDC,1
1704-NRWYE,1
7123-WQUHX,1
6923-JHPMP,1
2581-VKIRT,1
3154-CFSZG,1
8220-OCUFY,1
4855-SNKMY,1
6637-KYRCV,1
7314-OXENN,1
5376-PCKNB,1
7605-SNLQG,1
1116-FRYVH,1
3629-ZNKXA,1
4011-ARPHK,1
7446-KQISO,1
6100-QQHEB,1
3716-UVSPD,1
4391-LNRXK,1
1047-NNCBF,1
5215-LNLDJ,1
6888-SBYAI,1
4104-PVRPS,1
5220-AGAAX,1
8875-AKBYH,1
7089-XXAYG,1
5219-YIPTK,1
6211-WHMYA,1
8348-HFYIV,1
6286-ZHAOK,1
0080-OROZO,1
0266-GMEAO,1
8597-CWYHH,1
9391-LMANN,1
4656-CAURT,1
4588-YBNIB,1
6578-KRMAW,1
0825-CPPQH,1
8859-DZTGQ,1
3675-YDUPJ,1
6509-TSGWN,1
1410-RSCMR,1
3164-YAXFY,1
0932-YIXYU,1
0018-NYROU,1
5318-IXUZF,1
7101-HRBLJ,1
7601-GNDYK,1
0947-IDHRQ,1
2974-GGUXS,1
3211-AAPKX,1
9184-GALIL,1
4958-XCBDQ,1
4013-UBXWQ,1
6202-JVYEU,1
9742-XOKTS,1
5858-EAFCZ,1
6439-GTPCA,1
6204-IEUXJ,1
7299-GNVPL,1
9824-BEMCV,1
9314-IJWSQ,1
5651-WYIPH,1
4729-XKASR,1
1496-GGSUK,1
7190-XHTWJ,1
7402-EYFXX,1
1565-RHDJD,1
3399-BMLVW,1
9494-MRNYX,1
2720-WGKHP,1
3496-LFSZU,1
0060-FUALY,1
7905-TVXTA,1
2637-FKFSY,1
6137-MFAJN,1
8237-ULIXL,1
8104-OSKWT,1
5349-IECLD,1
2266-SJNAT,1
6954-OOYZZ,1
3230-IUALN,1
8486-AYEQH,1
0380-ZCSBI,1
1010-DIAUQ,1
4822-YCXMX,1
9711-FJTBX,1
0218-QNVAS,1
7319-ZNRTR,1
1093-YSWCA,1
3647-GMGDH,1
2302-OUZXB,1
1043-UXOVO,1
2869-ADAWR,1
3633-CDBUW,1
8818-XYFCQ,1
5949-XIKAE,1
8868-GAGIO,1
4990-ALDGW,1
3941-XTSKM,1
2275-RBYQS,1
2817-NTQDO,1
0516-QREYC,1
4277-UDIEF,1
5871-DGTXZ,1
2359-KMGLI,1
8205-MQUGY,1
2657-VPXTA,1
0366-NQSHS,1
9961-JBNMK,1
7780-OTDSO,1
0378-XSZPU,1
3195-TQDZX,1
1157-BQCUW,1
5118-MUEYH,1
9398-MMQTO,1
9411-TPQQV,1
2636-OHFMN,1
5498-TXHLF,1
5760-IFJOZ,1
7771-CFQRQ,1
8461-EFQYM,1
5397-NSKQG,1
1178-PZGAB,1
1098-KFQEC,1
6994-FGRHH,1
0104-PPXDV,1
4361-JEIVL,1
5948-UJZLF,1
9763-GRSKD,1
3001-CBHLQ,1
0621-JFHOL,1
2669-OIDSD,1
6860-YRJZP,1
5622-UEJFI,1
6771-XWBDM,1
4115-UMJFQ,1
9185-TQCVP,1
2886-KEFUM,1
1156-ZFYDO,1
8234-GSZYK,1
3460-TJBWI,1
4568-TTZRT,1
3323-CPBWR,1
2900-PHPLN,1
4430-UZIPO,1
7128-GGCNO,1
9565-AXSMR,1
7684-XSZIY,1
5840-NVDCG,1
2845-KDHVX,1
5968-VXZLG,1
9548-ZMVTX,1
5125-CNDSP,1
4826-XTSOH,1
7776-QWNFX,1
9581-GVBXT,1
3404-JNXAX,1
6505-OZNPG,1
0602-DDUML,1
6199-IWKGC,1
8645-KWHJO,1
4902-OHLSK,1
2393-DIVAI,1
2150-WLKUW,1
6538-POCHL,1
4299-SIMNS,1
4628-CTTLA,1
4452-ROHMO,1
4367-NUYAO,1
8617-ENBDS,1
8644-XLFBW,1
7047-YXDMZ,1
6218-KNUBD,1
6032-IGALN,1
1763-WQFUK,1
8043-PNYSD,1
9447-YPTBX,1
6067-NGCEU,1
6896-SRVYQ,1
0643-OKLRP,1
8263-JQAIK,1
5419-JPRRN,1
9231-ZJYAM,1
9300-AGZNL,1
5311-IHLEI,1
5605-XNWEN,1
6447-GORXK,1
4803-AXVYP,1
9139-TWBAS,1
3068-OMWZA,1
6522-YRBXD,1
7272-QDCKA,1
5149-TGWDZ,1
6507-DTJZV,1
7730-CLDSV,1
3536-IQCTX,1
0601-WZHJF,1
2004-OCQXK,1
8474-UMLNT,1
7923-IYJWY,1
8550-XSXUQ,1
2080-CAZNM,1
6169-PGNCD,1
8950-MTZNV,1
5919-TMRGD,1
6082-OQFBA,1
2348-KCJLT,1
7615-ESMYF,1
4800-CZMPC,1
5206-HPJKM,1
3205-MXZRA,1
4682-BLBUC,1
1621-YNCJH,1
2868-LLSKM,1
5882-CMAZQ,1
9305-CDSKC,1
7164-BPTUT,1
5115-GZDEL,1
0356-ERHVT,1
0319-QZTCO,1
4824-GUCBY,1
8164-OCKUJ,1
2830-LEWOA,1
8406-LNMHF,1
1725-MIMXW,1
2439-QKJUL,1
2740-TVLFN,1
8224-DWCKX,1
5088-QZLRL,1
0635-WKOLD,1
4879-GZLFH,1
0042-RLHYP,1
1104-FEJAM,1
2371-KFUOG,1
8879-XUAHX,1
6248-TKCQV,1
1248-DYXUB,1
6791-YBNAK,1
4291-TPNFG,1
8631-NBHFZ,1
4188-PCPIG,1
8224-IVVPA,1
3669-OYSJI,1
3724-BSCVH,1
7980-MHFLQ,1
9027-YFHQJ,1
4906-ZHGPK,1
1394-SUIUH,1
4869-EPIUS,1
7601-WFVZV,1
8853-TZDGH,1
6959-UWKHF,1
9518-RWHZL,1
6728-DKUCO,1
2691-NZETQ,1
2475-MROZF,1
8519-QJGJD,1
2360-RDGRO,1
3714-NTNFO,1
3074-GQWYX,1
0722-TROQR,1
6145-NNPNO,1
0730-BGQGF,1
0623-GDISB,1
8469-SNFFH,1
4254-QPEDE,1
1020-JPQOW,1
4801-JZAZL,1
7341-LXCAF,1
4177-JPDFU,1
3473-XIIIT,1
2931-XIQBR,1
3481-JHUZH,1
3638-VBZTA,1
4614-NUVZD,1
1784-EZDKJ,1
2925-MXLSX,1
6906-MPARY,1
6196-HBOBZ,1
8395-ETZKQ,1
5424-RLQLC,1
8775-LHDJH,1
3428-XZMAZ,1
4451-RWASJ,1
9558-IHEZX,1
1120-BMWUB,1
5650-VDUDS,1
1121-QSIVB,1
0867-LDTTC,1
1518-OMDIK,1
1406-PUQVY,1
6986-IXNDM,1
0519-DRGTI,1
1907-YLNYW,1
3082-VQXNH,1
2626-VEEWG,1
4077-HWUYD,1
7517-SAWMO,1
7136-IHZJA,1
1599-EAHXY,1
6128-DAFVY,1
5593-SUAOO,1
7169-YWAMK,1
1680-VDCWW,1
9746-YKGXB,1
4815-GBTCD,1
2982-IHMFT,1
6275-YDUVO,1
3279-DYZQM,1
1465-VINDH,1
7206-GZCDC,1
8992-VONJD,1
2927-CVULT,1
9442-JTWDL,1
2876-GZYZC,1
6674-KVJHG,1
0318-QUUOB,1
1934-MKPXS,1
7643-RCHXS,1
4860-IJUDE,1
7382-DFJTU,1
1432-FPAXX,1
2153-MREFK,1
7410-OIEDU,1
3393-FMZPV,1
4176-RELJR,1
6128-CZOMY,1
1840-BIUOG,1
9753-OYLBX,1
6330-JKLPC,1
3572-UOLYZ,1
3059-NGMXB,1
6979-TNDEU,1
3677-TNKIO,1
1472-TNCWL,1
5564-NEMQO,1
3733-ZEECP,1
7253-UVNDW,1
4925-LMHOK,1
0118-JPNOY,1
4522-XRWWI,1
4583-PARNH,1
2823-LKABH,1
8292-TYSPY,1
9593-CVZKR,1
4871-JTKJF,1
3523-BRGUW,1
9522-BNTHX,1
4429-WYGFR,1
1025-FALIX,1
2809-ZMYOQ,1
7479-NITWS,1
8687-BAFGU,1
2123-AGEEN,1
7065-YUNRY,1
8167-GJLRN,1
5146-YYFRZ,1
6212-ATMLK,1
3785-NRHYR,1
6278-FEPBZ,1
5748-RNCJT,1
3838-OZURD,1
9154-QDGTH,1
0848-SOMKO,1
3996-ZNWYK,1
0943-ZQPXH,1
5174-RNGBH,1
0895-DQHEW,1
0637-KVDLV,1
7361-YPXFS,1
3014-WJKSM,1
9603-OAIHC,1
5077-DXTCG,1
3799-ISUZQ,1
7963-SHNDT,1
9492-TOKRI,1
1627-AFWVJ,1
8738-JOKAR,1
9897-KXHCM,1
8069-YQQAJ,1
0439-IFYUN,1
1755-FZQEC,1
1396-QWFBJ,1
7274-CGTOD,1
6728-WYQBC,1
4505-EXZHB,1
1384-RCUXW,1
6260-ONULR,1
9778-OGKQZ,1
2282-YGNOR,1
1272-ILHFG,1
1297-VQDRP,1
1371-DWPAZ,1
1845-CSBRZ,1
1343-EHPYB,1
2192-OZITF,1
4718-WXBGI,1
2773-OVBPK,1
1960-UYCNN,1
7740-KKCXF,1
8639-NHQEI,1
2740-JFBOK,1
5847-MXBEO,1
1925-GMVBW,1
5419-JKZNQ,1
6693-FRIRW,1
0224-RLWWD,1
7029-IJEJK,1
4957-SREEC,1
0115-TFERT,1
6901-GOGZG,1
1818-ESQMW,1
8922-NPKBJ,1
0595-ITUDF,1
0485-ZBSLN,1
7394-LWLYN,1
8756-RDDLT,1
0907-HQNTS,1
7693-QPEFS,1
3500-NSDOA,1
8966-SNIZF,1
2969-VAPYH,1
1785-BPHTP,1
3737-XBQDD,1
4741-WWJQZ,1
1032-MAELW,1
3259-QMXUN,1
2154-KVJFF,1
4307-KWMXE,1
2805-EDJPQ,1
5325-UWTWJ,1
5799-JRCZO,1
8740-CRYFY,1
2351-RRBUE,1
5243-SAOTC,1
7799-LGRDP,1
6646-JPPHA,1
5562-BETPV,1
8603-IJWDN,1
7268-WNTCP,1
7820-ZYGNY,1
3347-YJZZE,1
5294-DMSFH,1
6243-OZGFH,1
3130-ICDUP,1
6496-JDSSB,1
8387-MOJJT,1
5553-AOINX,1
0520-FDVVT,1
2775-SEFEE,1
3982-DQLUS,1
8133-ANHHJ,1
0991-BRRFB,1
9885-AIBVB,1
8182-BJDSI,1
2904-GGUAZ,1
7941-RCJOW,1
9547-ITEFG,1
4236-XPXAV,1
2639-UGMAZ,1
1089-XZWHH,1
1080-BWSYE,1
0336-KXKFK,1
4057-FKCZK,1
6576-FBXOJ,1
9696-RMYBA,1
6897-RWMUB,1
8707-RMEZH,1
6655-LHBYW,1
6813-GZQCG,1
4182-BGSIQ,1
4581-SSPWD,1
0939-YAPAF,1
2373-NTKOD,1
3259-FDWOY,1
9194-GFVOI,1
5708-EVONK,1
1792-UXAFY,1
8544-GOQSH,1
8690-ZVLCL,1
1219-NNDDO,1
4277-PVRAN,1
0278-YXOOG,1
3692-JHONH,1
0585-EGDDA,1
7927-AUXBZ,1
5183-SNMJQ,1
0137-UDEUO,1
5310-NOOVA,1
4060-LDNLU,1
0394-YONDK,1
4566-QVRRW,1
0112-QAWRZ,1
4883-KCPZJ,1
4952-YSOGZ,1
1078-TDCRN,1
4680-KUTAJ,1
4986-MXSFP,1
5688-KZTSN,1
2929-ERCFZ,1
8048-DSDFQ,1
5522-JBWMO,1
4597-NUCQV,1
1265-XTECC,1
0739-UUAJR,1
9788-HNGUT,1
9993-LHIEB,1
5327-XOKKY,1
1038-ZAGBI,1
5893-KCLGT,1
0829-XXPLX,1
1325-USMEC,1
2137-DQMEV,1
9681-KYGYB,1
8819-WFGGJ,1
7026-YMSBE,1
5203-XEHAX,1
5578-NKCXI,1
0547-HURJB,1
1428-GTBJJ,1
5666-CYCYZ,1
3988-RQIXO,1
6518-KZXCB,1
9200-NLNPD,1
8189-XRIKE,1
4232-JGKIY,1
3865-YIOTT,1
6870-ZWMNX,1
5915-ANOEI,1
3569-VLDHH,1
5922-ABDVO,1
4020-KIUDI,1
7614-QVWQL,1
0260-ZDLGK,1
8519-IMDHU,1
8109-YUOHE,1
6424-ELEYH,1
4959-JOSRX,1
6885-PKOAM,1
1334-PDUKM,1
9624-EGDEQ,1
9777-WJJPR,1
7426-GSWPO,1
9541-PWTWO,1
7994-XIRTR,1
7541-YLXCL,1
0098-BOWSO,1
6458-CYIDZ,1
5003-XZWWO,1
1450-GALXR,1
9626-WEQRM,1
0003-MKNFE,1
1053-MXTTK,1
6691-CCIHA,1
0562-HKHML,1
1915-IOFGU,1
7321-VGNKU,1
9681-OXGVC,1
5183-KLYEM,1
1670-SVOWZ,1
6599-CEBNN,1
8144-DGHXP,1
0114-PEGZZ,1
1356-MKYSK,1
3621-CHYVB,1
4378-BZYFP,1
1099-GODLO,1
6217-KDYWC,1
9912-GVSEQ,1
1555-DJEQW,1
2454-RPBRZ,1
4742-DRORA,1
0946-CLJTI,1
2242-MFOTG,1
4086-YQSNZ,1
5119-KEPFY,1
5168-MQQCA,1
0929-HYQEW,1
3807-XHCJH,1
8023-QHAIO,1
9494-BDNNC,1
2883-ILGWO,1
2957-JIRMN,1
8295-FHIVV,1
2320-JRSDE,1
1460-UZPRJ,1
9786-YWNHU,1
3005-TYFRD,1
5153-LXKDT,1
6419-ZTTLE,1
7394-FKDNK,1
4973-MGTON,1
6139-ZZRBQ,1
4465-VDKIQ,1
3462-BJQQA,1
7632-MNYOY,1
2890-WFBHU,1
0516-WJVXC,1
8659-IOOPU,1
3900-AQPHZ,1
2085-BOJKI,1
4282-ACRXS,1
2749-CTKAJ,1
2320-YKQBO,1
6253-GNHWH,1
5712-AHQNN,1
4987-GQWPO,1
4633-MKHYU,1
4910-GMJOT,1
2234-EOFPT,1
8751-EDEKA,1
2672-DZUOY,1
3938-YFPXD,1
6108-OQZDQ,1
3256-EZDBI,1
6413-XKKPU,1
5842-POCOP,1
8095-WANWK,1
4767-HZZHQ,1
1247-QBVSH,1
9546-CQJSU,1
1998-VHJHK,1
8189-HBVRW,1
9365-SRSZE,1
3104-OWCGK,1
0812-WUPTB,1
4183-WCSEP,1
5707-ORNDZ,1
9732-EQMWY,1
3845-FXCYS,1
2240-HSJQD,1
4550-EVXNY,1
3285-UCQVC,1
3003-CMDUU,1
5802-ADBRC,1
4854-SSLTN,1
4187-CINZD,1
7868-TMWMZ,1
2056-EVGZL,1
5730-RIITO,1
0820-FNRNX,1
1206-EHBDD,1
8775-CEBBJ,1
7569-NMZYQ,1
0347-UBKUZ,1
6754-WKSHP,1
2436-QBZFP,1
9432-RUVSL,1
2799-ARNLO,1
1635-HDGFT,1
3482-ABPKK,1
7054-DMVAS,1
3509-GWQGF,1
5986-WWXDV,1
6506-EYCNH,1
0650-BWOZN,1
7422-WNBTY,1
7156-MXBJE,1
8722-PRFDV,1
4895-TMWIR,1
3890-RTCMS,1
3370-HXOPH,1
3796-ENZGF,1
0362-ZBZWJ,1
1135-HIORI,1
5944-UGLLK,1
5529-GIBVH,1
7217-JYHOQ,1
4315-MURBD,1
6141-OOXUQ,1
0754-UKWQP,1
3085-QUOZK,1
8780-IXSTS,1
1589-AGTLK,1
7560-QRBXH,1
0654-PQKDW,1
5458-CQJTA,1
1360-RCYRT,1
9644-KVCNC,1
2908-WGAXL,1
6615-ZGEDR,1
7644-OMVMY,1
6143-JQKEA,1
4747-LCAQL,1
1334-FJSVR,1
6907-FLBER,1
9725-SCPZG,1
6688-UZPWD,1
8207-DMRVL,1
4194-FJARJ,1
5095-ETBRJ,1
9133-AYJZG,1
1349-WXNGG,1
2476-YGEFM,1
9068-FHQHD,1
4572-DVCGN,1
4566-NECEV,1
2929-QNSRW,1
0565-JUPYD,1
8695-WDYEA,1
6308-CQRBU,1
3594-BDSOA,1
6490-FGZAT,1
